id,language,gender_context,category,student_statement,advisor_reply
1,Mixed,Neutral,Local/Other Issues,Protests aur political unrest ki wajah se campus nahi ja sakta. Is liye semester freeze request kar raha/rahi hoon,Temporary semester freeze consider karein. Advisor ne recommend kiya hai semester freeze lene ke liye
2,Mixed,Female,Academic Issues,I failed PF and OOP both and I need time to prepare again. Is liye semester freeze request kar raha/rahi hoon,Aap semester freeze le sakte hain aur next semester me core subjects dobara enroll karein. Advisor ne recommend kiya hai semester freeze lene ke liye
3,English,Male,Medical Issues,Chronic pain ki wajah se classes attend nahi ho rahi,Medical certificate submit karein aur semester freeze request karein
4,RomanUrdu,Female,Financial Issues,Late fee fine lag gaya hai aur arrange nahi ho raha,Late fine waiver ya installment ke liye office se contact karein
5,RomanUrdu,Male,Medical Issues,Medical condition ki wajah se campus ana possible nahi,Semester freeze submit karen taake aap recovery pe focus karein
6,English,Male,Academic Issues,I dropped many courses and now I am confused what to enroll next,Academic advisor se consult karein aur proper enrollment plan banayein
7,English,Male,Mental Health,Anxiety attacks ki wajah se studies disturb ho rahi hain,Semester freeze le kar mental health improve karein
8,RomanUrdu,Female,Administrative Issues,Timetable clash hai aur meri classes manage nahi ho rahi,Semester freeze request kar sakte hain jab timetable adjust ho
9,RomanUrdu,Male,Personal/Family Issues,Family migration ki wajah se semester pause karna hai,Semester freeze allow hoti hai relocation ya migration case me
10,English,Neutral,Financial Issues,I lost my scholarship and cannot afford this semester,Financial support ke liye advisor ya office se discuss karein
11,English,Neutral,Personal/Family Issues,Family pressure hai ke main degree chor doon,Advisor se discuss karein aur semester freeze consider karein
12,Mixed,Neutral,Medical Issues,Major illness ke wajah se semester continue nahi kar sakta. Is liye semester freeze request kar raha/rahi hoon,Semester freeze allow ki ja sakti hai illness ke liye. Advisor ne recommend kiya hai semester freeze lene ke liye
13,Mixed,Male,Personal/Family Issues,Meri shaadi fix ho gayi hai aur relocation ho rahi hai. Is liye semester freeze request kar raha/rahi hoon,Semester freeze allow hoti hai relocation ya marriage ki wajah se. Advisor ne recommend kiya hai semester freeze lene ke liye
14,English,Male,Medical Issues,I had surgery and doctor ne complete rest kaha hai,Doctor certificate ke saath semester freeze le sakte hain
15,English,Male,Administrative Issues,Degree extension ka issue hai aur guidance chahiye,Semester freeze ke sath degree extension process initiate karein
16,English,Male,Gender/Role Specific,Family business sambhalna par raha hai temporarily,Semester freeze le kar aap responsibilities manage kar sakte hain
17,English,Male,Gender/Role Specific,Pregnancy ki wajah se semester continue nahi kar sakti,Semester freeze allow hoti hai maternity reasons me
18,RomanUrdu,Neutral,Academic Issues,I failed PF and OOP both and I need time to prepare again,Aap semester freeze le sakte hain aur next semester me core subjects dobara enroll karein
19,English,Female,Gender/Role Specific,Pregnancy ki wajah se semester continue nahi kar sakti,Semester freeze allow hoti hai maternity reasons me
20,English,Male,Administrative Issues,Mujhe 4pm ke baad class attend karna possible nahi,Semester freeze allow ki ja sakti hai timing issues me
21,English,Neutral,Financial Issues,Abbu ki job chali gayi hai is liye semester freeze chahiye,Temporary semester freeze allow ki ja sakti hai financial crisis ke liye
22,Mixed,Male,Mental Health,Depression ki wajah se classes miss ho rahi hain. Is liye semester freeze request kar raha/rahi hoon,Advisor ke saath discuss karein aur semester freeze lein. Advisor ne recommend kiya hai semester freeze lene ke liye
23,RomanUrdu,Female,Local/Other Issues,Competitive coaching ke liye semester pause karna zaroori hai,Semester freeze allow hoti hai professional training ke liye
24,RomanUrdu,Male,Medical Issues,Chronic pain ki wajah se classes attend nahi ho rahi,Medical certificate submit karein aur semester freeze request karein
25,English,Female,Gender/Role Specific,Safety issues ki wajah se campus travel possible nahi,Temporary semester freeze request karein safety ke liye
26,RomanUrdu,Neutral,Academic Issues,I failed PF and OOP both and I need time to prepare again,Aap semester freeze le sakte hain aur next semester me core subjects dobara enroll karein
27,Mixed,Male,Academic Issues,"CGPA below average hai, degree complete ho payegi ya nahi samajh nahi aa raha. Is liye semester freeze request kar raha/rahi hoon",Semester freeze ke dauran CGPA improve karne ka plan banayein. Advisor ne recommend kiya hai semester freeze lene ke liye
28,English,Female,Administrative Issues,Teacher change request process clear nahi hai,Advisor se guide lein aur semester pause consider karein
29,English,Neutral,Medical Issues,Medical condition ki wajah se campus ana possible nahi,Semester freeze submit karen taake aap recovery pe focus karein
30,English,Female,Personal/Family Issues,Ghar walay business sambhalne ko keh rahe hain,Temporary semester freeze le kar responsibilities manage karein
31,Mixed,Female,Medical Issues,Medical condition ki wajah se campus ana possible nahi. Is liye semester freeze request kar raha/rahi hoon,Semester freeze submit karen taake aap recovery pe focus karein. Advisor ne recommend kiya hai semester freeze lene ke liye
32,Mixed,Neutral,Medical Issues,Chronic pain ki wajah se classes attend nahi ho rahi. Is liye semester freeze request kar raha/rahi hoon,Medical certificate submit karein aur semester freeze request karein. Advisor ne recommend kiya hai semester freeze lene ke liye
33,RomanUrdu,Neutral,Financial Issues,Main temporary full time job kar raha hoon to support family,Semester freeze le kar aap work aur studies dono manage kar sakte hain
34,Mixed,Female,Mental Health,Severe burnout ho gaya hai aur focus nahi ban raha. Is liye semester freeze request kar raha/rahi hoon,Semester pause karna aapke liye beneficial hoga. Advisor ne recommend kiya hai semester freeze lene ke liye
35,RomanUrdu,Neutral,Administrative Issues,"Lab aur lecture same time hai, attend nahi kar pa raha",Semester freeze consider karein jab tak schedule fix na ho
36,English,Male,Financial Issues,I lost my scholarship and cannot afford this semester,Financial support ke liye advisor ya office se discuss karein
37,English,Male,Mental Health,Stress ki wajah se exams par focus nahi ho raha,Semester freeze allow hoti hai stress aur burnout ke cases me
38,English,Male,Medical Issues,Chronic pain ki wajah se classes attend nahi ho rahi,Medical certificate submit karein aur semester freeze request karein
39,English,Male,Personal/Family Issues,Family migration ki wajah se semester pause karna hai,Semester freeze allow hoti hai relocation ya migration case me
40,English,Neutral,Financial Issues,Abbu ki job chali gayi hai is liye semester freeze chahiye,Temporary semester freeze allow ki ja sakti hai financial crisis ke liye
41,Mixed,Male,Personal/Family Issues,Meri shaadi fix ho gayi hai aur relocation ho rahi hai. Is liye semester freeze request kar raha/rahi hoon,Semester freeze allow hoti hai relocation ya marriage ki wajah se. Advisor ne recommend kiya hai semester freeze lene ke liye
42,Mixed,Female,Gender/Role Specific,Childcare ki wajah se classes attend nahi ho pa rahi. Is liye semester freeze request kar raha/rahi hoon,Semester freeze request karein childcare ke liye. Advisor ne recommend kiya hai semester freeze lene ke liye
43,English,Neutral,Personal/Family Issues,Hostel band ho gaya aur transport ka issue hai,Semester pause kar sakte hain jab tak facility arrange na ho
44,RomanUrdu,Neutral,Gender/Role Specific,Family business sambhalna par raha hai temporarily,Semester freeze le kar aap responsibilities manage kar sakte hain
45,English,Male,Gender/Role Specific,Father hospital mein hain aur mujhe ghar sambhalna hai,Semester pause allow hoti hai family care ke liye
46,English,Female,Mental Health,Mentally drained hoon aur semester manage nahi kar pa raha,Semester freeze ke dauran rest aur recovery pe focus karein
47,RomanUrdu,Male,Local/Other Issues,Competitive coaching ke liye semester pause karna zaroori hai,Semester freeze allow hoti hai professional training ke liye
48,English,Male,Academic Issues,I dropped many courses and now I am confused what to enroll next,Academic advisor se consult karein aur proper enrollment plan banayein
49,RomanUrdu,Neutral,Gender/Role Specific,Family business sambhalna par raha hai temporarily,Semester freeze le kar aap responsibilities manage kar sakte hain
50,English,Female,Mental Health,Severe burnout ho gaya hai aur focus nahi ban raha,Semester pause karna aapke liye beneficial hoga
51,RomanUrdu,Neutral,Financial Issues,I lost my scholarship and cannot afford this semester,Financial support ke liye advisor ya office se discuss karein
52,English,Female,Administrative Issues,Semester freeze policy properly samajh nahi aa rahi,Office se clarify karein aur request submit karein
53,RomanUrdu,Neutral,Financial Issues,Late fee fine lag gaya hai aur arrange nahi ho raha,Late fine waiver ya installment ke liye office se contact karein
54,English,Female,Academic Issues,Basics weak hain is liye advanced courses tough lag rahe hain,Foundation courses complete karne ke baad advance courses enroll karein
55,Mixed,Female,Academic Issues,I dropped many courses and now I am confused what to enroll next. Is liye semester freeze request kar raha/rahi hoon,Academic advisor se consult karein aur proper enrollment plan banayein. Advisor ne recommend kiya hai semester freeze lene ke liye
56,RomanUrdu,Neutral,Personal/Family Issues,Hostel band ho gaya aur transport ka issue hai,Semester pause kar sakte hain jab tak facility arrange na ho
57,Mixed,Male,Gender/Role Specific,Safety issues ki wajah se campus travel possible nahi. Is liye semester freeze request kar raha/rahi hoon,Temporary semester freeze request karein safety ke liye. Advisor ne recommend kiya hai semester freeze lene ke liye
58,RomanUrdu,Male,Mental Health,Anxiety attacks ki wajah se studies disturb ho rahi hain,Semester freeze le kar mental health improve karein
59,RomanUrdu,Male,Personal/Family Issues,Meri shaadi fix ho gayi hai aur relocation ho rahi hai,Semester freeze allow hoti hai relocation ya marriage ki wajah se
60,RomanUrdu,Neutral,Financial Issues,I lost my scholarship and cannot afford this semester,Financial support ke liye advisor ya office se discuss karein
61,English,Neutral,Academic Issues,Basics weak hain is liye advanced courses tough lag rahe hain,Foundation courses complete karne ke baad advance courses enroll karein
62,English,Male,Mental Health,Mentally bohat exhausted feel kar raha hoon,Mental health ke liye temporary semester freeze consider karein
63,RomanUrdu,Female,Medical Issues,Recovery after COVID ki wajah se classes miss ho rahi hain,Semester freeze recommended hai taake aap fully recover kar sakein
64,English,Male,Personal/Family Issues,Ghar walay business sambhalne ko keh rahe hain,Temporary semester freeze le kar responsibilities manage karein
65,English,Male,Mental Health,Anxiety attacks ki wajah se studies disturb ho rahi hain,Semester freeze le kar mental health improve karein
66,RomanUrdu,Neutral,Academic Issues,Basics weak hain is liye advanced courses tough lag rahe hain,Foundation courses complete karne ke baad advance courses enroll karein
67,English,Neutral,Administrative Issues,Mujhe 4pm ke baad class attend karna possible nahi,Semester freeze allow ki ja sakti hai timing issues me
68,RomanUrdu,Male,Administrative Issues,Teacher change request process clear nahi hai,Advisor se guide lein aur semester pause consider karein
69,RomanUrdu,Neutral,Personal/Family Issues,Family migration ki wajah se semester pause karna hai,Semester freeze allow hoti hai relocation ya migration case me
70,English,Male,Medical Issues,Medical condition ki wajah se campus ana possible nahi,Semester freeze submit karen taake aap recovery pe focus karein
71,Mixed,Female,Local/Other Issues,Competitive coaching ke liye semester pause karna zaroori hai. Is liye semester freeze request kar raha/rahi hoon,Semester freeze allow hoti hai professional training ke liye. Advisor ne recommend kiya hai semester freeze lene ke liye
72,English,Male,Medical Issues,Chronic pain ki wajah se classes attend nahi ho rahi,Medical certificate submit karein aur semester freeze request karein
73,English,Male,Academic Issues,Credit hours overload ho gaye hain aur handle nahi ho raha,Semester freeze le kar workload manage karein
74,RomanUrdu,Male,Local/Other Issues,Power outages aur internet disruption ke wajah se classes miss ho rahi hain,Semester pause request submit karein taake classes miss na ho
75,English,Male,Academic Issues,DSA is too hard for me and I need a break to improve basics,Semester freeze recommend kiya jata hai taake aap basics strong kar sakein
76,RomanUrdu,Neutral,Academic Issues,Basics weak hain is liye advanced courses tough lag rahe hain,Foundation courses complete karne ke baad advance courses enroll karein
77,RomanUrdu,Neutral,Gender/Role Specific,Pregnancy ki wajah se semester continue nahi kar sakti,Semester freeze allow hoti hai maternity reasons me
78,RomanUrdu,Male,Medical Issues,Medical condition ki wajah se campus ana possible nahi,Semester freeze submit karen taake aap recovery pe focus karein
79,Mixed,Neutral,Medical Issues,Accident hua hai aur physiotherapy chal rahi hai. Is liye semester freeze request kar raha/rahi hoon,Recovery ke liye semester freeze recommended hai. Advisor ne recommend kiya hai semester freeze lene ke liye
80,English,Female,Medical Issues,Chronic pain ki wajah se classes attend nahi ho rahi,Medical certificate submit karein aur semester freeze request karein
81,Mixed,Neutral,Personal/Family Issues,Mother bohat sick hain aur unka khayal rakhna hai. Is liye semester freeze request kar raha/rahi hoon,Semester freeze request karein taake aap family care kar sakein. Advisor ne recommend kiya hai semester freeze lene ke liye
82,Mixed,Male,Personal/Family Issues,Family pressure hai ke main degree chor doon. Is liye semester freeze request kar raha/rahi hoon,Advisor se discuss karein aur semester freeze consider karein. Advisor ne recommend kiya hai semester freeze lene ke liye
83,English,Male,Academic Issues,I dropped many courses and now I am confused what to enroll next,Academic advisor se consult karein aur proper enrollment plan banayein
84,Mixed,Male,Academic Issues,I dropped many courses and now I am confused what to enroll next. Is liye semester freeze request kar raha/rahi hoon,Academic advisor se consult karein aur proper enrollment plan banayein. Advisor ne recommend kiya hai semester freeze lene ke liye
85,RomanUrdu,Neutral,Academic Issues,Basics weak hain is liye advanced courses tough lag rahe hain,Foundation courses complete karne ke baad advance courses enroll karein
86,English,Female,Local/Other Issues,Lab resource unavailable hai is liye semester freeze request kar raha/rahi hoon,Semester pause consider karein jab tak resources available na ho
87,Mixed,Female,Medical Issues,Accident hua hai aur physiotherapy chal rahi hai. Is liye semester freeze request kar raha/rahi hoon,Recovery ke liye semester freeze recommended hai. Advisor ne recommend kiya hai semester freeze lene ke liye
88,RomanUrdu,Male,Academic Issues,Credit hours overload ho gaye hain aur handle nahi ho raha,Semester freeze le kar workload manage karein
89,English,Female,Local/Other Issues,Lab resource unavailable hai is liye semester freeze request kar raha/rahi hoon,Semester pause consider karein jab tak resources available na ho
90,English,Neutral,Gender/Role Specific,Pregnancy ki wajah se semester continue nahi kar sakti,Semester freeze allow hoti hai maternity reasons me
91,RomanUrdu,Neutral,Academic Issues,Credit hours overload ho gaye hain aur handle nahi ho raha,Semester freeze le kar workload manage karein
92,Mixed,Female,Personal/Family Issues,Family pressure hai ke main degree chor doon. Is liye semester freeze request kar raha/rahi hoon,Advisor se discuss karein aur semester freeze consider karein. Advisor ne recommend kiya hai semester freeze lene ke liye
93,RomanUrdu,Male,Administrative Issues,Timetable clash hai aur meri classes manage nahi ho rahi,Semester freeze request kar sakte hain jab timetable adjust ho
94,RomanUrdu,Male,Personal/Family Issues,Mother bohat sick hain aur unka khayal rakhna hai,Semester freeze request karein taake aap family care kar sakein
95,RomanUrdu,Female,Personal/Family Issues,Family pressure hai ke main degree chor doon,Advisor se discuss karein aur semester freeze consider karein
96,English,Neutral,Administrative Issues,Teacher change request process clear nahi hai,Advisor se guide lein aur semester pause consider karein
97,RomanUrdu,Male,Local/Other Issues,Competitive coaching ke liye semester pause karna zaroori hai,Semester freeze allow hoti hai professional training ke liye
98,Mixed,Male,Gender/Role Specific,Male breadwinner responsibility hai is liye break chahiye. Is liye semester freeze request kar raha/rahi hoon,Semester freeze le kar aap family support kar sakte hain. Advisor ne recommend kiya hai semester freeze lene ke liye
99,English,Neutral,Academic Issues,I failed PF and OOP both and I need time to prepare again,Aap semester freeze le sakte hain aur next semester me core subjects dobara enroll karein
100,English,Female,Medical Issues,Major illness ke wajah se semester continue nahi kar sakta,Semester freeze allow ki ja sakti hai illness ke liye
101,Mixed,Female,Gender/Role Specific,Childcare ki wajah se classes attend nahi ho pa rahi. Is liye semester freeze request kar raha/rahi hoon,Semester freeze request karein childcare ke liye. Advisor ne recommend kiya hai semester freeze lene ke liye
102,English,Male,Mental Health,Stress ki wajah se exams par focus nahi ho raha,Semester freeze allow hoti hai stress aur burnout ke cases me
103,RomanUrdu,Male,Local/Other Issues,Transport strike ke wajah se classes attend nahi ho rahi,Semester freeze request karein jab tak transport restore na ho
104,English,Neutral,Mental Health,Mentally drained hoon aur semester manage nahi kar pa raha,Semester freeze ke dauran rest aur recovery pe focus karein
105,RomanUrdu,Male,Mental Health,Mentally bohat exhausted feel kar raha hoon,Mental health ke liye temporary semester freeze consider karein
106,English,Female,Academic Issues,"CGPA below average hai, degree complete ho payegi ya nahi samajh nahi aa raha",Semester freeze ke dauran CGPA improve karne ka plan banayein
107,Mixed,Female,Local/Other Issues,Floods damaged roads and internet is not working. Is liye semester freeze request kar raha/rahi hoon,Semester freeze allow ki ja sakti hai disaster situations me. Advisor ne recommend kiya hai semester freeze lene ke liye
108,English,Neutral,Gender/Role Specific,Father hospital mein hain aur mujhe ghar sambhalna hai,Semester pause allow hoti hai family care ke liye
109,Mixed,Male,Administrative Issues,Semester freeze policy properly samajh nahi aa rahi. Is liye semester freeze request kar raha/rahi hoon,Office se clarify karein aur request submit karein. Advisor ne recommend kiya hai semester freeze lene ke liye
110,English,Female,Administrative Issues,Mujhe 4pm ke baad class attend karna possible nahi,Semester freeze allow ki ja sakti hai timing issues me
111,Mixed,Female,Mental Health,Stress ki wajah se exams par focus nahi ho raha. Is liye semester freeze request kar raha/rahi hoon,Semester freeze allow hoti hai stress aur burnout ke cases me. Advisor ne recommend kiya hai semester freeze lene ke liye
112,RomanUrdu,Female,Medical Issues,Major illness ke wajah se semester continue nahi kar sakta,Semester freeze allow ki ja sakti hai illness ke liye
113,English,Male,Financial Issues,Abbu ki job chali gayi hai is liye semester freeze chahiye,Temporary semester freeze allow ki ja sakti hai financial crisis ke liye
114,Mixed,Male,Administrative Issues,Semester freeze policy properly samajh nahi aa rahi. Is liye semester freeze request kar raha/rahi hoon,Office se clarify karein aur request submit karein. Advisor ne recommend kiya hai semester freeze lene ke liye
115,English,Neutral,Administrative Issues,"Lab aur lecture same time hai, attend nahi kar pa raha",Semester freeze consider karein jab tak schedule fix na ho
116,English,Neutral,Personal/Family Issues,Meri shaadi fix ho gayi hai aur relocation ho rahi hai,Semester freeze allow hoti hai relocation ya marriage ki wajah se
117,Mixed,Male,Local/Other Issues,Transport strike ke wajah se classes attend nahi ho rahi. Is liye semester freeze request kar raha/rahi hoon,Semester freeze request karein jab tak transport restore na ho. Advisor ne recommend kiya hai semester freeze lene ke liye
118,Mixed,Female,Financial Issues,Late fee fine lag gaya hai aur arrange nahi ho raha. Is liye semester freeze request kar raha/rahi hoon,Late fine waiver ya installment ke liye office se contact karein. Advisor ne recommend kiya hai semester freeze lene ke liye
119,Mixed,Neutral,Administrative Issues,"Lab aur lecture same time hai, attend nahi kar pa raha. Is liye semester freeze request kar raha/rahi hoon",Semester freeze consider karein jab tak schedule fix na ho. Advisor ne recommend kiya hai semester freeze lene ke liye
120,RomanUrdu,Neutral,Personal/Family Issues,Ghar walay business sambhalne ko keh rahe hain,Temporary semester freeze le kar responsibilities manage karein
121,Mixed,Male,Financial Issues,Abbu ki job chali gayi hai is liye semester freeze chahiye. Is liye semester freeze request kar raha/rahi hoon,Temporary semester freeze allow ki ja sakti hai financial crisis ke liye. Advisor ne recommend kiya hai semester freeze lene ke liye
122,English,Male,Administrative Issues,Degree extension ka issue hai aur guidance chahiye,Semester freeze ke sath degree extension process initiate karein
123,RomanUrdu,Male,Academic Issues,I failed PF and OOP both and I need time to prepare again,Aap semester freeze le sakte hain aur next semester me core subjects dobara enroll karein
124,English,Female,Academic Issues,Credit hours overload ho gaye hain aur handle nahi ho raha,Semester freeze le kar workload manage karein
125,English,Neutral,Administrative Issues,Timetable clash hai aur meri classes manage nahi ho rahi,Semester freeze request kar sakte hain jab timetable adjust ho
126,English,Male,Gender/Role Specific,Childcare ki wajah se classes attend nahi ho pa rahi,Semester freeze request karein childcare ke liye
127,Mixed,Male,Gender/Role Specific,Pregnancy ki wajah se semester continue nahi kar sakti. Is liye semester freeze request kar raha/rahi hoon,Semester freeze allow hoti hai maternity reasons me. Advisor ne recommend kiya hai semester freeze lene ke liye
128,RomanUrdu,Neutral,Local/Other Issues,Power outages aur internet disruption ke wajah se classes miss ho rahi hain,Semester pause request submit karein taake classes miss na ho
129,English,Neutral,Local/Other Issues,Lab resource unavailable hai is liye semester freeze request kar raha/rahi hoon,Semester pause consider karein jab tak resources available na ho
130,RomanUrdu,Male,Mental Health,Depression ki wajah se classes miss ho rahi hain,Advisor ke saath discuss karein aur semester freeze lein
131,RomanUrdu,Male,Academic Issues,I failed PF and OOP both and I need time to prepare again,Aap semester freeze le sakte hain aur next semester me core subjects dobara enroll karein
132,English,Neutral,Personal/Family Issues,Family pressure hai ke main degree chor doon,Advisor se discuss karein aur semester freeze consider karein
133,English,Female,Financial Issues,My fee is unpaid and family income suddenly stopped,Aapko fee installment request submit karni chahiye ya temporary semester freeze le sakte hain
134,RomanUrdu,Neutral,Gender/Role Specific,Childcare ki wajah se classes attend nahi ho pa rahi,Semester freeze request karein childcare ke liye
135,RomanUrdu,Female,Mental Health,Anxiety attacks ki wajah se studies disturb ho rahi hain,Semester freeze le kar mental health improve karein
136,English,Female,Local/Other Issues,Power outages aur internet disruption ke wajah se classes miss ho rahi hain,Semester pause request submit karein taake classes miss na ho
137,Mixed,Female,Gender/Role Specific,Pregnancy ki wajah se semester continue nahi kar sakti. Is liye semester freeze request kar raha/rahi hoon,Semester freeze allow hoti hai maternity reasons me. Advisor ne recommend kiya hai semester freeze lene ke liye
138,English,Neutral,Medical Issues,Major illness ke wajah se semester continue nahi kar sakta,Semester freeze allow ki ja sakti hai illness ke liye
139,Mixed,Neutral,Personal/Family Issues,Family migration ki wajah se semester pause karna hai. Is liye semester freeze request kar raha/rahi hoon,Semester freeze allow hoti hai relocation ya migration case me. Advisor ne recommend kiya hai semester freeze lene ke liye
140,Mixed,Male,Personal/Family Issues,Hostel band ho gaya aur transport ka issue hai. Is liye semester freeze request kar raha/rahi hoon,Semester pause kar sakte hain jab tak facility arrange na ho. Advisor ne recommend kiya hai semester freeze lene ke liye
141,English,Female,Financial Issues,Fees installment allow nahi ki ja rahi hai university policy ke wajah se,Office se discuss karein aur special request submit karein
142,English,Female,Mental Health,Mentally bohat exhausted feel kar raha hoon,Mental health ke liye temporary semester freeze consider karein
143,Mixed,Neutral,Gender/Role Specific,Childcare ki wajah se classes attend nahi ho pa rahi. Is liye semester freeze request kar raha/rahi hoon,Semester freeze request karein childcare ke liye. Advisor ne recommend kiya hai semester freeze lene ke liye
144,Mixed,Male,Local/Other Issues,Floods damaged roads and internet is not working. Is liye semester freeze request kar raha/rahi hoon,Semester freeze allow ki ja sakti hai disaster situations me. Advisor ne recommend kiya hai semester freeze lene ke liye
145,RomanUrdu,Male,Financial Issues,Main temporary full time job kar raha hoon to support family,Semester freeze le kar aap work aur studies dono manage kar sakte hain
146,RomanUrdu,Neutral,Administrative Issues,Mujhe 4pm ke baad class attend karna possible nahi,Semester freeze allow ki ja sakti hai timing issues me
147,English,Male,Financial Issues,Main temporary full time job kar raha hoon to support family,Semester freeze le kar aap work aur studies dono manage kar sakte hain
148,Mixed,Male,Personal/Family Issues,Family migration ki wajah se semester pause karna hai. Is liye semester freeze request kar raha/rahi hoon,Semester freeze allow hoti hai relocation ya migration case me. Advisor ne recommend kiya hai semester freeze lene ke liye
149,Mixed,Male,Local/Other Issues,Power outages aur internet disruption ke wajah se classes miss ho rahi hain. Is liye semester freeze request kar raha/rahi hoon,Semester pause request submit karein taake classes miss na ho. Advisor ne recommend kiya hai semester freeze lene ke liye
150,English,Male,Financial Issues,Fees installment allow nahi ki ja rahi hai university policy ke wajah se,Office se discuss karein aur special request submit karein
151,RomanUrdu,Female,Academic Issues,"CGPA below average hai, degree complete ho payegi ya nahi samajh nahi aa raha",Semester freeze ke dauran CGPA improve karne ka plan banayein
152,RomanUrdu,Male,Personal/Family Issues,Mother bohat sick hain aur unka khayal rakhna hai,Semester freeze request karein taake aap family care kar sakein
153,Mixed,Female,Local/Other Issues,Floods damaged roads and internet is not working. Is liye semester freeze request kar raha/rahi hoon,Semester freeze allow ki ja sakti hai disaster situations me. Advisor ne recommend kiya hai semester freeze lene ke liye
154,English,Neutral,Personal/Family Issues,Ghar walay business sambhalne ko keh rahe hain,Temporary semester freeze le kar responsibilities manage karein
155,RomanUrdu,Neutral,Personal/Family Issues,Family migration ki wajah se semester pause karna hai,Semester freeze allow hoti hai relocation ya migration case me
156,Mixed,Male,Medical Issues,Chronic pain ki wajah se classes attend nahi ho rahi. Is liye semester freeze request kar raha/rahi hoon,Medical certificate submit karein aur semester freeze request karein. Advisor ne recommend kiya hai semester freeze lene ke liye
157,RomanUrdu,Male,Financial Issues,I lost my scholarship and cannot afford this semester,Financial support ke liye advisor ya office se discuss karein
158,Mixed,Neutral,Administrative Issues,Semester freeze policy properly samajh nahi aa rahi. Is liye semester freeze request kar raha/rahi hoon,Office se clarify karein aur request submit karein. Advisor ne recommend kiya hai semester freeze lene ke liye
159,English,Male,Financial Issues,Abbu ki job chali gayi hai is liye semester freeze chahiye,Temporary semester freeze allow ki ja sakti hai financial crisis ke liye
160,Mixed,Neutral,Mental Health,Mentally bohat exhausted feel kar raha hoon. Is liye semester freeze request kar raha/rahi hoon,Mental health ke liye temporary semester freeze consider karein. Advisor ne recommend kiya hai semester freeze lene ke liye
161,Mixed,Male,Gender/Role Specific,Father hospital mein hain aur mujhe ghar sambhalna hai. Is liye semester freeze request kar raha/rahi hoon,Semester pause allow hoti hai family care ke liye. Advisor ne recommend kiya hai semester freeze lene ke liye
162,RomanUrdu,Neutral,Academic Issues,I failed PF and OOP both and I need time to prepare again,Aap semester freeze le sakte hain aur next semester me core subjects dobara enroll karein
163,RomanUrdu,Male,Academic Issues,I failed PF and OOP both and I need time to prepare again,Aap semester freeze le sakte hain aur next semester me core subjects dobara enroll karein
164,English,Neutral,Medical Issues,Chronic pain ki wajah se classes attend nahi ho rahi,Medical certificate submit karein aur semester freeze request karein
165,RomanUrdu,Female,Academic Issues,I failed PF and OOP both and I need time to prepare again,Aap semester freeze le sakte hain aur next semester me core subjects dobara enroll karein
166,English,Female,Mental Health,Depression ki wajah se classes miss ho rahi hain,Advisor ke saath discuss karein aur semester freeze lein
167,English,Male,Academic Issues,DSA is too hard for me and I need a break to improve basics,Semester freeze recommend kiya jata hai taake aap basics strong kar sakein
168,RomanUrdu,Male,Academic Issues,Basics weak hain is liye advanced courses tough lag rahe hain,Foundation courses complete karne ke baad advance courses enroll karein
169,RomanUrdu,Female,Academic Issues,Credit hours overload ho gaye hain aur handle nahi ho raha,Semester freeze le kar workload manage karein
170,Mixed,Male,Administrative Issues,"Lab aur lecture same time hai, attend nahi kar pa raha. Is liye semester freeze request kar raha/rahi hoon",Semester freeze consider karein jab tak schedule fix na ho. Advisor ne recommend kiya hai semester freeze lene ke liye
171,Mixed,Neutral,Academic Issues,Credit hours overload ho gaye hain aur handle nahi ho raha. Is liye semester freeze request kar raha/rahi hoon,Semester freeze le kar workload manage karein. Advisor ne recommend kiya hai semester freeze lene ke liye
172,Mixed,Male,Medical Issues,Recovery after COVID ki wajah se classes miss ho rahi hain. Is liye semester freeze request kar raha/rahi hoon,Semester freeze recommended hai taake aap fully recover kar sakein. Advisor ne recommend kiya hai semester freeze lene ke liye
173,Mixed,Male,Gender/Role Specific,Childcare ki wajah se classes attend nahi ho pa rahi. Is liye semester freeze request kar raha/rahi hoon,Semester freeze request karein childcare ke liye. Advisor ne recommend kiya hai semester freeze lene ke liye
174,Mixed,Male,Administrative Issues,Semester freeze policy properly samajh nahi aa rahi. Is liye semester freeze request kar raha/rahi hoon,Office se clarify karein aur request submit karein. Advisor ne recommend kiya hai semester freeze lene ke liye
175,English,Female,Financial Issues,I lost my scholarship and cannot afford this semester,Financial support ke liye advisor ya office se discuss karein
176,English,Neutral,Academic Issues,I dropped many courses and now I am confused what to enroll next,Academic advisor se consult karein aur proper enrollment plan banayein
177,Mixed,Female,Local/Other Issues,Transport strike ke wajah se classes attend nahi ho rahi. Is liye semester freeze request kar raha/rahi hoon,Semester freeze request karein jab tak transport restore na ho. Advisor ne recommend kiya hai semester freeze lene ke liye
178,Mixed,Neutral,Medical Issues,Accident hua hai aur physiotherapy chal rahi hai. Is liye semester freeze request kar raha/rahi hoon,Recovery ke liye semester freeze recommended hai. Advisor ne recommend kiya hai semester freeze lene ke liye
179,English,Male,Local/Other Issues,Lab resource unavailable hai is liye semester freeze request kar raha/rahi hoon,Semester pause consider karein jab tak resources available na ho
180,RomanUrdu,Neutral,Administrative Issues,Teacher change request process clear nahi hai,Advisor se guide lein aur semester pause consider karein
181,Mixed,Female,Medical Issues,Chronic pain ki wajah se classes attend nahi ho rahi. Is liye semester freeze request kar raha/rahi hoon,Medical certificate submit karein aur semester freeze request karein. Advisor ne recommend kiya hai semester freeze lene ke liye
182,RomanUrdu,Neutral,Mental Health,Stress ki wajah se exams par focus nahi ho raha,Semester freeze allow hoti hai stress aur burnout ke cases me
183,English,Male,Medical Issues,Medical condition ki wajah se campus ana possible nahi,Semester freeze submit karen taake aap recovery pe focus karein
184,RomanUrdu,Male,Local/Other Issues,Floods damaged roads and internet is not working,Semester freeze allow ki ja sakti hai disaster situations me
185,English,Female,Mental Health,Mentally drained hoon aur semester manage nahi kar pa raha,Semester freeze ke dauran rest aur recovery pe focus karein
186,RomanUrdu,Female,Academic Issues,DSA is too hard for me and I need a break to improve basics,Semester freeze recommend kiya jata hai taake aap basics strong kar sakein
187,RomanUrdu,Neutral,Gender/Role Specific,Safety issues ki wajah se campus travel possible nahi,Temporary semester freeze request karein safety ke liye
188,RomanUrdu,Neutral,Administrative Issues,Timetable clash hai aur meri classes manage nahi ho rahi,Semester freeze request kar sakte hain jab timetable adjust ho
189,RomanUrdu,Neutral,Gender/Role Specific,Family business sambhalna par raha hai temporarily,Semester freeze le kar aap responsibilities manage kar sakte hain
190,English,Neutral,Gender/Role Specific,Male breadwinner responsibility hai is liye break chahiye,Semester freeze le kar aap family support kar sakte hain
191,English,Neutral,Financial Issues,Main temporary full time job kar raha hoon to support family,Semester freeze le kar aap work aur studies dono manage kar sakte hain
192,RomanUrdu,Female,Academic Issues,DSA is too hard for me and I need a break to improve basics,Semester freeze recommend kiya jata hai taake aap basics strong kar sakein
193,Mixed,Male,Gender/Role Specific,Male breadwinner responsibility hai is liye break chahiye. Is liye semester freeze request kar raha/rahi hoon,Semester freeze le kar aap family support kar sakte hain. Advisor ne recommend kiya hai semester freeze lene ke liye
194,English,Female,Mental Health,Depression ki wajah se classes miss ho rahi hain,Advisor ke saath discuss karein aur semester freeze lein
195,English,Male,Personal/Family Issues,Mother bohat sick hain aur unka khayal rakhna hai,Semester freeze request karein taake aap family care kar sakein
196,English,Male,Medical Issues,Chronic pain ki wajah se classes attend nahi ho rahi,Medical certificate submit karein aur semester freeze request karein
197,English,Male,Personal/Family Issues,Family pressure hai ke main degree chor doon,Advisor se discuss karein aur semester freeze consider karein
198,RomanUrdu,Neutral,Gender/Role Specific,Male breadwinner responsibility hai is liye break chahiye,Semester freeze le kar aap family support kar sakte hain
199,English,Neutral,Administrative Issues,Degree extension ka issue hai aur guidance chahiye,Semester freeze ke sath degree extension process initiate karein
200,RomanUrdu,Male,Academic Issues,I dropped many courses and now I am confused what to enroll next,Academic advisor se consult karein aur proper enrollment plan banayein
201,Mixed,Male,Administrative Issues,Degree extension ka issue hai aur guidance chahiye. Is liye semester freeze request kar raha/rahi hoon,Semester freeze ke sath degree extension process initiate karein. Advisor ne recommend kiya hai semester freeze lene ke liye
202,RomanUrdu,Male,Financial Issues,My fee is unpaid and family income suddenly stopped,Aapko fee installment request submit karni chahiye ya temporary semester freeze le sakte hain
203,RomanUrdu,Male,Academic Issues,Credit hours overload ho gaye hain aur handle nahi ho raha,Semester freeze le kar workload manage karein
204,Mixed,Male,Local/Other Issues,Transport strike ke wajah se classes attend nahi ho rahi. Is liye semester freeze request kar raha/rahi hoon,Semester freeze request karein jab tak transport restore na ho. Advisor ne recommend kiya hai semester freeze lene ke liye
205,English,Neutral,Mental Health,Anxiety attacks ki wajah se studies disturb ho rahi hain,Semester freeze le kar mental health improve karein
206,RomanUrdu,Female,Mental Health,Severe burnout ho gaya hai aur focus nahi ban raha,Semester pause karna aapke liye beneficial hoga
207,English,Female,Local/Other Issues,Floods damaged roads and internet is not working,Semester freeze allow ki ja sakti hai disaster situations me
208,RomanUrdu,Neutral,Mental Health,Severe burnout ho gaya hai aur focus nahi ban raha,Semester pause karna aapke liye beneficial hoga
209,Mixed,Neutral,Mental Health,Depression ki wajah se classes miss ho rahi hain. Is liye semester freeze request kar raha/rahi hoon,Advisor ke saath discuss karein aur semester freeze lein. Advisor ne recommend kiya hai semester freeze lene ke liye
210,English,Female,Academic Issues,Basics weak hain is liye advanced courses tough lag rahe hain,Foundation courses complete karne ke baad advance courses enroll karein
211,English,Neutral,Financial Issues,My fee is unpaid and family income suddenly stopped,Aapko fee installment request submit karni chahiye ya temporary semester freeze le sakte hain
212,RomanUrdu,Female,Financial Issues,Main temporary full time job kar raha hoon to support family,Semester freeze le kar aap work aur studies dono manage kar sakte hain
213,English,Male,Mental Health,Depression ki wajah se classes miss ho rahi hain,Advisor ke saath discuss karein aur semester freeze lein
214,Mixed,Male,Personal/Family Issues,Hostel band ho gaya aur transport ka issue hai. Is liye semester freeze request kar raha/rahi hoon,Semester pause kar sakte hain jab tak facility arrange na ho. Advisor ne recommend kiya hai semester freeze lene ke liye
215,English,Female,Administrative Issues,Semester freeze policy properly samajh nahi aa rahi,Office se clarify karein aur request submit karein
216,English,Female,Academic Issues,"CGPA below average hai, degree complete ho payegi ya nahi samajh nahi aa raha",Semester freeze ke dauran CGPA improve karne ka plan banayein
217,RomanUrdu,Female,Financial Issues,Late fee fine lag gaya hai aur arrange nahi ho raha,Late fine waiver ya installment ke liye office se contact karein
218,Mixed,Neutral,Administrative Issues,Timetable clash hai aur meri classes manage nahi ho rahi. Is liye semester freeze request kar raha/rahi hoon,Semester freeze request kar sakte hain jab timetable adjust ho. Advisor ne recommend kiya hai semester freeze lene ke liye
219,Mixed,Neutral,Gender/Role Specific,Pregnancy ki wajah se semester continue nahi kar sakti. Is liye semester freeze request kar raha/rahi hoon,Semester freeze allow hoti hai maternity reasons me. Advisor ne recommend kiya hai semester freeze lene ke liye
220,Mixed,Male,Academic Issues,I dropped many courses and now I am confused what to enroll next. Is liye semester freeze request kar raha/rahi hoon,Academic advisor se consult karein aur proper enrollment plan banayein. Advisor ne recommend kiya hai semester freeze lene ke liye
221,Mixed,Female,Personal/Family Issues,Hostel band ho gaya aur transport ka issue hai. Is liye semester freeze request kar raha/rahi hoon,Semester pause kar sakte hain jab tak facility arrange na ho. Advisor ne recommend kiya hai semester freeze lene ke liye
222,English,Male,Local/Other Issues,Power outages aur internet disruption ke wajah se classes miss ho rahi hain,Semester pause request submit karein taake classes miss na ho
223,English,Neutral,Local/Other Issues,Power outages aur internet disruption ke wajah se classes miss ho rahi hain,Semester pause request submit karein taake classes miss na ho
224,RomanUrdu,Male,Gender/Role Specific,Father hospital mein hain aur mujhe ghar sambhalna hai,Semester pause allow hoti hai family care ke liye
225,Mixed,Male,Personal/Family Issues,Ghar walay business sambhalne ko keh rahe hain. Is liye semester freeze request kar raha/rahi hoon,Temporary semester freeze le kar responsibilities manage karein. Advisor ne recommend kiya hai semester freeze lene ke liye
226,English,Female,Local/Other Issues,Power outages aur internet disruption ke wajah se classes miss ho rahi hain,Semester pause request submit karein taake classes miss na ho
227,English,Male,Gender/Role Specific,Childcare ki wajah se classes attend nahi ho pa rahi,Semester freeze request karein childcare ke liye
228,Mixed,Male,Medical Issues,Medical condition ki wajah se campus ana possible nahi. Is liye semester freeze request kar raha/rahi hoon,Semester freeze submit karen taake aap recovery pe focus karein. Advisor ne recommend kiya hai semester freeze lene ke liye
229,English,Female,Mental Health,Severe burnout ho gaya hai aur focus nahi ban raha,Semester pause karna aapke liye beneficial hoga
230,RomanUrdu,Neutral,Academic Issues,I dropped many courses and now I am confused what to enroll next,Academic advisor se consult karein aur proper enrollment plan banayein
231,English,Male,Administrative Issues,Degree extension ka issue hai aur guidance chahiye,Semester freeze ke sath degree extension process initiate karein
232,RomanUrdu,Female,Local/Other Issues,Lab resource unavailable hai is liye semester freeze request kar raha/rahi hoon,Semester pause consider karein jab tak resources available na ho
233,RomanUrdu,Female,Administrative Issues,Timetable clash hai aur meri classes manage nahi ho rahi,Semester freeze request kar sakte hain jab timetable adjust ho
234,RomanUrdu,Neutral,Local/Other Issues,Floods damaged roads and internet is not working,Semester freeze allow ki ja sakti hai disaster situations me
235,RomanUrdu,Neutral,Administrative Issues,Mujhe 4pm ke baad class attend karna possible nahi,Semester freeze allow ki ja sakti hai timing issues me
236,RomanUrdu,Male,Mental Health,Stress ki wajah se exams par focus nahi ho raha,Semester freeze allow hoti hai stress aur burnout ke cases me
237,Mixed,Neutral,Administrative Issues,Timetable clash hai aur meri classes manage nahi ho rahi. Is liye semester freeze request kar raha/rahi hoon,Semester freeze request kar sakte hain jab timetable adjust ho. Advisor ne recommend kiya hai semester freeze lene ke liye
238,RomanUrdu,Neutral,Local/Other Issues,Power outages aur internet disruption ke wajah se classes miss ho rahi hain,Semester pause request submit karein taake classes miss na ho
239,English,Female,Administrative Issues,Mujhe 4pm ke baad class attend karna possible nahi,Semester freeze allow ki ja sakti hai timing issues me
240,English,Female,Administrative Issues,Timetable clash hai aur meri classes manage nahi ho rahi,Semester freeze request kar sakte hain jab timetable adjust ho
241,English,Female,Administrative Issues,Mujhe 4pm ke baad class attend karna possible nahi,Semester freeze allow ki ja sakti hai timing issues me
242,English,Male,Academic Issues,DSA is too hard for me and I need a break to improve basics,Semester freeze recommend kiya jata hai taake aap basics strong kar sakein
243,Mixed,Neutral,Gender/Role Specific,Childcare ki wajah se classes attend nahi ho pa rahi. Is liye semester freeze request kar raha/rahi hoon,Semester freeze request karein childcare ke liye. Advisor ne recommend kiya hai semester freeze lene ke liye
244,English,Male,Academic Issues,"CGPA below average hai, degree complete ho payegi ya nahi samajh nahi aa raha",Semester freeze ke dauran CGPA improve karne ka plan banayein
245,RomanUrdu,Male,Academic Issues,DSA is too hard for me and I need a break to improve basics,Semester freeze recommend kiya jata hai taake aap basics strong kar sakein
246,Mixed,Neutral,Gender/Role Specific,Father hospital mein hain aur mujhe ghar sambhalna hai. Is liye semester freeze request kar raha/rahi hoon,Semester pause allow hoti hai family care ke liye. Advisor ne recommend kiya hai semester freeze lene ke liye
247,English,Female,Mental Health,Mentally drained hoon aur semester manage nahi kar pa raha,Semester freeze ke dauran rest aur recovery pe focus karein
248,RomanUrdu,Male,Mental Health,Depression ki wajah se classes miss ho rahi hain,Advisor ke saath discuss karein aur semester freeze lein
249,RomanUrdu,Male,Academic Issues,Basics weak hain is liye advanced courses tough lag rahe hain,Foundation courses complete karne ke baad advance courses enroll karein
250,Mixed,Male,Medical Issues,Accident hua hai aur physiotherapy chal rahi hai. Is liye semester freeze request kar raha/rahi hoon,Recovery ke liye semester freeze recommended hai. Advisor ne recommend kiya hai semester freeze lene ke liye
251,RomanUrdu,Neutral,Administrative Issues,Mujhe 4pm ke baad class attend karna possible nahi,Semester freeze allow ki ja sakti hai timing issues me
252,Mixed,Neutral,Financial Issues,Abbu ki job chali gayi hai is liye semester freeze chahiye. Is liye semester freeze request kar raha/rahi hoon,Temporary semester freeze allow ki ja sakti hai financial crisis ke liye. Advisor ne recommend kiya hai semester freeze lene ke liye
253,RomanUrdu,Male,Academic Issues,DSA is too hard for me and I need a break to improve basics,Semester freeze recommend kiya jata hai taake aap basics strong kar sakein
254,RomanUrdu,Neutral,Administrative Issues,Degree extension ka issue hai aur guidance chahiye,Semester freeze ke sath degree extension process initiate karein
255,RomanUrdu,Female,Academic Issues,I failed PF and OOP both and I need time to prepare again,Aap semester freeze le sakte hain aur next semester me core subjects dobara enroll karein
256,RomanUrdu,Female,Administrative Issues,Semester freeze policy properly samajh nahi aa rahi,Office se clarify karein aur request submit karein
257,RomanUrdu,Male,Administrative Issues,Timetable clash hai aur meri classes manage nahi ho rahi,Semester freeze request kar sakte hain jab timetable adjust ho
258,English,Neutral,Gender/Role Specific,Family business sambhalna par raha hai temporarily,Semester freeze le kar aap responsibilities manage kar sakte hain
259,RomanUrdu,Neutral,Gender/Role Specific,Childcare ki wajah se classes attend nahi ho pa rahi,Semester freeze request karein childcare ke liye
260,Mixed,Male,Mental Health,Severe burnout ho gaya hai aur focus nahi ban raha. Is liye semester freeze request kar raha/rahi hoon,Semester pause karna aapke liye beneficial hoga. Advisor ne recommend kiya hai semester freeze lene ke liye
261,RomanUrdu,Female,Academic Issues,I dropped many courses and now I am confused what to enroll next,Academic advisor se consult karein aur proper enrollment plan banayein
262,English,Neutral,Academic Issues,I failed PF and OOP both and I need time to prepare again,Aap semester freeze le sakte hain aur next semester me core subjects dobara enroll karein
263,Mixed,Neutral,Academic Issues,Credit hours overload ho gaye hain aur handle nahi ho raha. Is liye semester freeze request kar raha/rahi hoon,Semester freeze le kar workload manage karein. Advisor ne recommend kiya hai semester freeze lene ke liye
264,Mixed,Male,Academic Issues,"CGPA below average hai, degree complete ho payegi ya nahi samajh nahi aa raha. Is liye semester freeze request kar raha/rahi hoon",Semester freeze ke dauran CGPA improve karne ka plan banayein. Advisor ne recommend kiya hai semester freeze lene ke liye
265,Mixed,Neutral,Local/Other Issues,Protests aur political unrest ki wajah se campus nahi ja sakta. Is liye semester freeze request kar raha/rahi hoon,Temporary semester freeze consider karein. Advisor ne recommend kiya hai semester freeze lene ke liye
266,English,Female,Gender/Role Specific,Safety issues ki wajah se campus travel possible nahi,Temporary semester freeze request karein safety ke liye
267,RomanUrdu,Female,Academic Issues,Credit hours overload ho gaye hain aur handle nahi ho raha,Semester freeze le kar workload manage karein
268,Mixed,Female,Local/Other Issues,Power outages aur internet disruption ke wajah se classes miss ho rahi hain. Is liye semester freeze request kar raha/rahi hoon,Semester pause request submit karein taake classes miss na ho. Advisor ne recommend kiya hai semester freeze lene ke liye
269,RomanUrdu,Female,Medical Issues,Chronic pain ki wajah se classes attend nahi ho rahi,Medical certificate submit karein aur semester freeze request karein
270,Mixed,Neutral,Medical Issues,Medical condition ki wajah se campus ana possible nahi. Is liye semester freeze request kar raha/rahi hoon,Semester freeze submit karen taake aap recovery pe focus karein. Advisor ne recommend kiya hai semester freeze lene ke liye
271,Mixed,Male,Gender/Role Specific,Family business sambhalna par raha hai temporarily. Is liye semester freeze request kar raha/rahi hoon,Semester freeze le kar aap responsibilities manage kar sakte hain. Advisor ne recommend kiya hai semester freeze lene ke liye
272,English,Neutral,Financial Issues,Late fee fine lag gaya hai aur arrange nahi ho raha,Late fine waiver ya installment ke liye office se contact karein
273,Mixed,Female,Local/Other Issues,Protests aur political unrest ki wajah se campus nahi ja sakta. Is liye semester freeze request kar raha/rahi hoon,Temporary semester freeze consider karein. Advisor ne recommend kiya hai semester freeze lene ke liye
274,English,Male,Local/Other Issues,Lab resource unavailable hai is liye semester freeze request kar raha/rahi hoon,Semester pause consider karein jab tak resources available na ho
275,English,Male,Medical Issues,Medical condition ki wajah se campus ana possible nahi,Semester freeze submit karen taake aap recovery pe focus karein
276,RomanUrdu,Female,Financial Issues,Late fee fine lag gaya hai aur arrange nahi ho raha,Late fine waiver ya installment ke liye office se contact karein
277,Mixed,Male,Medical Issues,Chronic pain ki wajah se classes attend nahi ho rahi. Is liye semester freeze request kar raha/rahi hoon,Medical certificate submit karein aur semester freeze request karein. Advisor ne recommend kiya hai semester freeze lene ke liye
278,English,Male,Medical Issues,Major illness ke wajah se semester continue nahi kar sakta,Semester freeze allow ki ja sakti hai illness ke liye
279,English,Neutral,Financial Issues,My fee is unpaid and family income suddenly stopped,Aapko fee installment request submit karni chahiye ya temporary semester freeze le sakte hain
280,Mixed,Female,Personal/Family Issues,Family migration ki wajah se semester pause karna hai. Is liye semester freeze request kar raha/rahi hoon,Semester freeze allow hoti hai relocation ya migration case me. Advisor ne recommend kiya hai semester freeze lene ke liye
281,RomanUrdu,Neutral,Mental Health,Mentally drained hoon aur semester manage nahi kar pa raha,Semester freeze ke dauran rest aur recovery pe focus karein
282,Mixed,Male,Personal/Family Issues,Meri shaadi fix ho gayi hai aur relocation ho rahi hai. Is liye semester freeze request kar raha/rahi hoon,Semester freeze allow hoti hai relocation ya marriage ki wajah se. Advisor ne recommend kiya hai semester freeze lene ke liye
283,English,Female,Local/Other Issues,Lab resource unavailable hai is liye semester freeze request kar raha/rahi hoon,Semester pause consider karein jab tak resources available na ho
284,RomanUrdu,Female,Financial Issues,Main temporary full time job kar raha hoon to support family,Semester freeze le kar aap work aur studies dono manage kar sakte hain
285,English,Female,Financial Issues,Fees installment allow nahi ki ja rahi hai university policy ke wajah se,Office se discuss karein aur special request submit karein
286,RomanUrdu,Female,Gender/Role Specific,Pregnancy ki wajah se semester continue nahi kar sakti,Semester freeze allow hoti hai maternity reasons me
287,Mixed,Neutral,Gender/Role Specific,Male breadwinner responsibility hai is liye break chahiye. Is liye semester freeze request kar raha/rahi hoon,Semester freeze le kar aap family support kar sakte hain. Advisor ne recommend kiya hai semester freeze lene ke liye
288,English,Neutral,Gender/Role Specific,Father hospital mein hain aur mujhe ghar sambhalna hai,Semester pause allow hoti hai family care ke liye
289,Mixed,Female,Financial Issues,My fee is unpaid and family income suddenly stopped. Is liye semester freeze request kar raha/rahi hoon,Aapko fee installment request submit karni chahiye ya temporary semester freeze le sakte hain. Advisor ne recommend kiya hai semester freeze lene ke liye
290,Mixed,Female,Gender/Role Specific,Male breadwinner responsibility hai is liye break chahiye. Is liye semester freeze request kar raha/rahi hoon,Semester freeze le kar aap family support kar sakte hain. Advisor ne recommend kiya hai semester freeze lene ke liye
291,English,Female,Financial Issues,Abbu ki job chali gayi hai is liye semester freeze chahiye,Temporary semester freeze allow ki ja sakti hai financial crisis ke liye
292,English,Male,Mental Health,Depression ki wajah se classes miss ho rahi hain,Advisor ke saath discuss karein aur semester freeze lein
293,Mixed,Neutral,Mental Health,Severe burnout ho gaya hai aur focus nahi ban raha. Is liye semester freeze request kar raha/rahi hoon,Semester pause karna aapke liye beneficial hoga. Advisor ne recommend kiya hai semester freeze lene ke liye
294,English,Neutral,Medical Issues,Chronic pain ki wajah se classes attend nahi ho rahi,Medical certificate submit karein aur semester freeze request karein
295,English,Female,Financial Issues,Main temporary full time job kar raha hoon to support family,Semester freeze le kar aap work aur studies dono manage kar sakte hain
296,Mixed,Male,Academic Issues,DSA is too hard for me and I need a break to improve basics. Is liye semester freeze request kar raha/rahi hoon,Semester freeze recommend kiya jata hai taake aap basics strong kar sakein. Advisor ne recommend kiya hai semester freeze lene ke liye
297,Mixed,Male,Academic Issues,I dropped many courses and now I am confused what to enroll next. Is liye semester freeze request kar raha/rahi hoon,Academic advisor se consult karein aur proper enrollment plan banayein. Advisor ne recommend kiya hai semester freeze lene ke liye
298,RomanUrdu,Female,Gender/Role Specific,Pregnancy ki wajah se semester continue nahi kar sakti,Semester freeze allow hoti hai maternity reasons me
299,English,Male,Academic Issues,"CGPA below average hai, degree complete ho payegi ya nahi samajh nahi aa raha",Semester freeze ke dauran CGPA improve karne ka plan banayein
300,Mixed,Male,Mental Health,Depression ki wajah se classes miss ho rahi hain. Is liye semester freeze request kar raha/rahi hoon,Advisor ke saath discuss karein aur semester freeze lein. Advisor ne recommend kiya hai semester freeze lene ke liye
301,Mixed,Neutral,Local/Other Issues,Floods damaged roads and internet is not working. Is liye semester freeze request kar raha/rahi hoon,Semester freeze allow ki ja sakti hai disaster situations me. Advisor ne recommend kiya hai semester freeze lene ke liye
302,RomanUrdu,Female,Financial Issues,Abbu ki job chali gayi hai is liye semester freeze chahiye,Temporary semester freeze allow ki ja sakti hai financial crisis ke liye
303,English,Male,Personal/Family Issues,Mother bohat sick hain aur unka khayal rakhna hai,Semester freeze request karein taake aap family care kar sakein
304,RomanUrdu,Male,Personal/Family Issues,Ghar walay business sambhalne ko keh rahe hain,Temporary semester freeze le kar responsibilities manage karein
305,RomanUrdu,Female,Local/Other Issues,Protests aur political unrest ki wajah se campus nahi ja sakta,Temporary semester freeze consider karein
306,RomanUrdu,Female,Gender/Role Specific,Pregnancy ki wajah se semester continue nahi kar sakti,Semester freeze allow hoti hai maternity reasons me
307,Mixed,Neutral,Personal/Family Issues,Hostel band ho gaya aur transport ka issue hai. Is liye semester freeze request kar raha/rahi hoon,Semester pause kar sakte hain jab tak facility arrange na ho. Advisor ne recommend kiya hai semester freeze lene ke liye
308,English,Male,Gender/Role Specific,Family business sambhalna par raha hai temporarily,Semester freeze le kar aap responsibilities manage kar sakte hain
309,Mixed,Neutral,Financial Issues,I lost my scholarship and cannot afford this semester. Is liye semester freeze request kar raha/rahi hoon,Financial support ke liye advisor ya office se discuss karein. Advisor ne recommend kiya hai semester freeze lene ke liye
310,English,Neutral,Academic Issues,I failed PF and OOP both and I need time to prepare again,Aap semester freeze le sakte hain aur next semester me core subjects dobara enroll karein
311,English,Female,Academic Issues,DSA is too hard for me and I need a break to improve basics,Semester freeze recommend kiya jata hai taake aap basics strong kar sakein
312,Mixed,Neutral,Medical Issues,Recovery after COVID ki wajah se classes miss ho rahi hain. Is liye semester freeze request kar raha/rahi hoon,Semester freeze recommended hai taake aap fully recover kar sakein. Advisor ne recommend kiya hai semester freeze lene ke liye
313,English,Neutral,Local/Other Issues,Power outages aur internet disruption ke wajah se classes miss ho rahi hain,Semester pause request submit karein taake classes miss na ho
314,English,Female,Administrative Issues,Mujhe 4pm ke baad class attend karna possible nahi,Semester freeze allow ki ja sakti hai timing issues me
315,Mixed,Neutral,Academic Issues,Credit hours overload ho gaye hain aur handle nahi ho raha. Is liye semester freeze request kar raha/rahi hoon,Semester freeze le kar workload manage karein. Advisor ne recommend kiya hai semester freeze lene ke liye
316,English,Female,Administrative Issues,Timetable clash hai aur meri classes manage nahi ho rahi,Semester freeze request kar sakte hain jab timetable adjust ho
317,Mixed,Neutral,Mental Health,Mentally drained hoon aur semester manage nahi kar pa raha. Is liye semester freeze request kar raha/rahi hoon,Semester freeze ke dauran rest aur recovery pe focus karein. Advisor ne recommend kiya hai semester freeze lene ke liye
318,RomanUrdu,Female,Local/Other Issues,Power outages aur internet disruption ke wajah se classes miss ho rahi hain,Semester pause request submit karein taake classes miss na ho
319,English,Male,Mental Health,Mentally drained hoon aur semester manage nahi kar pa raha,Semester freeze ke dauran rest aur recovery pe focus karein
320,English,Neutral,Academic Issues,Basics weak hain is liye advanced courses tough lag rahe hain,Foundation courses complete karne ke baad advance courses enroll karein
321,RomanUrdu,Neutral,Gender/Role Specific,Childcare ki wajah se classes attend nahi ho pa rahi,Semester freeze request karein childcare ke liye
322,English,Female,Gender/Role Specific,Father hospital mein hain aur mujhe ghar sambhalna hai,Semester pause allow hoti hai family care ke liye
323,English,Female,Gender/Role Specific,Safety issues ki wajah se campus travel possible nahi,Temporary semester freeze request karein safety ke liye
324,Mixed,Male,Medical Issues,Major illness ke wajah se semester continue nahi kar sakta. Is liye semester freeze request kar raha/rahi hoon,Semester freeze allow ki ja sakti hai illness ke liye. Advisor ne recommend kiya hai semester freeze lene ke liye
325,RomanUrdu,Male,Mental Health,Depression ki wajah se classes miss ho rahi hain,Advisor ke saath discuss karein aur semester freeze lein
326,English,Male,Medical Issues,Recovery after COVID ki wajah se classes miss ho rahi hain,Semester freeze recommended hai taake aap fully recover kar sakein
327,RomanUrdu,Neutral,Academic Issues,I failed PF and OOP both and I need time to prepare again,Aap semester freeze le sakte hain aur next semester me core subjects dobara enroll karein
328,English,Neutral,Medical Issues,Chronic pain ki wajah se classes attend nahi ho rahi,Medical certificate submit karein aur semester freeze request karein
329,English,Female,Personal/Family Issues,Family pressure hai ke main degree chor doon,Advisor se discuss karein aur semester freeze consider karein
330,Mixed,Neutral,Personal/Family Issues,Hostel band ho gaya aur transport ka issue hai. Is liye semester freeze request kar raha/rahi hoon,Semester pause kar sakte hain jab tak facility arrange na ho. Advisor ne recommend kiya hai semester freeze lene ke liye
331,English,Female,Academic Issues,Credit hours overload ho gaye hain aur handle nahi ho raha,Semester freeze le kar workload manage karein
332,Mixed,Male,Financial Issues,Main temporary full time job kar raha hoon to support family. Is liye semester freeze request kar raha/rahi hoon,Semester freeze le kar aap work aur studies dono manage kar sakte hain. Advisor ne recommend kiya hai semester freeze lene ke liye
333,Mixed,Female,Financial Issues,I lost my scholarship and cannot afford this semester. Is liye semester freeze request kar raha/rahi hoon,Financial support ke liye advisor ya office se discuss karein. Advisor ne recommend kiya hai semester freeze lene ke liye
334,RomanUrdu,Female,Local/Other Issues,Lab resource unavailable hai is liye semester freeze request kar raha/rahi hoon,Semester pause consider karein jab tak resources available na ho
335,Mixed,Neutral,Personal/Family Issues,Meri shaadi fix ho gayi hai aur relocation ho rahi hai. Is liye semester freeze request kar raha/rahi hoon,Semester freeze allow hoti hai relocation ya marriage ki wajah se. Advisor ne recommend kiya hai semester freeze lene ke liye
336,English,Male,Administrative Issues,"Lab aur lecture same time hai, attend nahi kar pa raha",Semester freeze consider karein jab tak schedule fix na ho
337,Mixed,Female,Gender/Role Specific,Male breadwinner responsibility hai is liye break chahiye. Is liye semester freeze request kar raha/rahi hoon,Semester freeze le kar aap family support kar sakte hain. Advisor ne recommend kiya hai semester freeze lene ke liye
338,Mixed,Female,Local/Other Issues,Power outages aur internet disruption ke wajah se classes miss ho rahi hain. Is liye semester freeze request kar raha/rahi hoon,Semester pause request submit karein taake classes miss na ho. Advisor ne recommend kiya hai semester freeze lene ke liye
339,English,Male,Personal/Family Issues,Family pressure hai ke main degree chor doon,Advisor se discuss karein aur semester freeze consider karein
340,Mixed,Female,Financial Issues,I lost my scholarship and cannot afford this semester. Is liye semester freeze request kar raha/rahi hoon,Financial support ke liye advisor ya office se discuss karein. Advisor ne recommend kiya hai semester freeze lene ke liye
341,Mixed,Female,Academic Issues,Basics weak hain is liye advanced courses tough lag rahe hain. Is liye semester freeze request kar raha/rahi hoon,Foundation courses complete karne ke baad advance courses enroll karein. Advisor ne recommend kiya hai semester freeze lene ke liye
342,Mixed,Neutral,Local/Other Issues,Power outages aur internet disruption ke wajah se classes miss ho rahi hain. Is liye semester freeze request kar raha/rahi hoon,Semester pause request submit karein taake classes miss na ho. Advisor ne recommend kiya hai semester freeze lene ke liye
343,RomanUrdu,Female,Local/Other Issues,Transport strike ke wajah se classes attend nahi ho rahi,Semester freeze request karein jab tak transport restore na ho
344,English,Male,Academic Issues,DSA is too hard for me and I need a break to improve basics,Semester freeze recommend kiya jata hai taake aap basics strong kar sakein
345,Mixed,Male,Academic Issues,I dropped many courses and now I am confused what to enroll next. Is liye semester freeze request kar raha/rahi hoon,Academic advisor se consult karein aur proper enrollment plan banayein. Advisor ne recommend kiya hai semester freeze lene ke liye
346,RomanUrdu,Female,Financial Issues,Main temporary full time job kar raha hoon to support family,Semester freeze le kar aap work aur studies dono manage kar sakte hain
347,Mixed,Female,Medical Issues,I had surgery and doctor ne complete rest kaha hai. Is liye semester freeze request kar raha/rahi hoon,Doctor certificate ke saath semester freeze le sakte hain. Advisor ne recommend kiya hai semester freeze lene ke liye
348,RomanUrdu,Neutral,Financial Issues,Late fee fine lag gaya hai aur arrange nahi ho raha,Late fine waiver ya installment ke liye office se contact karein
349,English,Female,Medical Issues,Accident hua hai aur physiotherapy chal rahi hai,Recovery ke liye semester freeze recommended hai
350,RomanUrdu,Male,Administrative Issues,Teacher change request process clear nahi hai,Advisor se guide lein aur semester pause consider karein
351,Mixed,Female,Gender/Role Specific,Father hospital mein hain aur mujhe ghar sambhalna hai. Is liye semester freeze request kar raha/rahi hoon,Semester pause allow hoti hai family care ke liye. Advisor ne recommend kiya hai semester freeze lene ke liye
352,RomanUrdu,Neutral,Academic Issues,I dropped many courses and now I am confused what to enroll next,Academic advisor se consult karein aur proper enrollment plan banayein
353,RomanUrdu,Female,Administrative Issues,"Lab aur lecture same time hai, attend nahi kar pa raha",Semester freeze consider karein jab tak schedule fix na ho
354,RomanUrdu,Female,Administrative Issues,Mujhe 4pm ke baad class attend karna possible nahi,Semester freeze allow ki ja sakti hai timing issues me
355,English,Male,Mental Health,Stress ki wajah se exams par focus nahi ho raha,Semester freeze allow hoti hai stress aur burnout ke cases me
356,Mixed,Neutral,Personal/Family Issues,Ghar walay business sambhalne ko keh rahe hain. Is liye semester freeze request kar raha/rahi hoon,Temporary semester freeze le kar responsibilities manage karein. Advisor ne recommend kiya hai semester freeze lene ke liye
357,RomanUrdu,Male,Gender/Role Specific,Pregnancy ki wajah se semester continue nahi kar sakti,Semester freeze allow hoti hai maternity reasons me
358,Mixed,Male,Administrative Issues,Mujhe 4pm ke baad class attend karna possible nahi. Is liye semester freeze request kar raha/rahi hoon,Semester freeze allow ki ja sakti hai timing issues me. Advisor ne recommend kiya hai semester freeze lene ke liye
359,English,Female,Financial Issues,Abbu ki job chali gayi hai is liye semester freeze chahiye,Temporary semester freeze allow ki ja sakti hai financial crisis ke liye
360,Mixed,Male,Medical Issues,Accident hua hai aur physiotherapy chal rahi hai. Is liye semester freeze request kar raha/rahi hoon,Recovery ke liye semester freeze recommended hai. Advisor ne recommend kiya hai semester freeze lene ke liye
361,Mixed,Male,Local/Other Issues,Power outages aur internet disruption ke wajah se classes miss ho rahi hain. Is liye semester freeze request kar raha/rahi hoon,Semester pause request submit karein taake classes miss na ho. Advisor ne recommend kiya hai semester freeze lene ke liye
362,RomanUrdu,Neutral,Personal/Family Issues,Family pressure hai ke main degree chor doon,Advisor se discuss karein aur semester freeze consider karein
363,English,Neutral,Medical Issues,Chronic pain ki wajah se classes attend nahi ho rahi,Medical certificate submit karein aur semester freeze request karein
364,English,Female,Academic Issues,DSA is too hard for me and I need a break to improve basics,Semester freeze recommend kiya jata hai taake aap basics strong kar sakein
365,RomanUrdu,Female,Gender/Role Specific,Male breadwinner responsibility hai is liye break chahiye,Semester freeze le kar aap family support kar sakte hain
366,English,Neutral,Mental Health,Depression ki wajah se classes miss ho rahi hain,Advisor ke saath discuss karein aur semester freeze lein
367,English,Male,Personal/Family Issues,Mother bohat sick hain aur unka khayal rakhna hai,Semester freeze request karein taake aap family care kar sakein
368,RomanUrdu,Male,Gender/Role Specific,Childcare ki wajah se classes attend nahi ho pa rahi,Semester freeze request karein childcare ke liye
369,English,Female,Administrative Issues,Mujhe 4pm ke baad class attend karna possible nahi,Semester freeze allow ki ja sakti hai timing issues me
370,RomanUrdu,Neutral,Personal/Family Issues,Meri shaadi fix ho gayi hai aur relocation ho rahi hai,Semester freeze allow hoti hai relocation ya marriage ki wajah se
371,Mixed,Male,Medical Issues,I had surgery and doctor ne complete rest kaha hai. Is liye semester freeze request kar raha/rahi hoon,Doctor certificate ke saath semester freeze le sakte hain. Advisor ne recommend kiya hai semester freeze lene ke liye
372,English,Female,Medical Issues,Accident hua hai aur physiotherapy chal rahi hai,Recovery ke liye semester freeze recommended hai
373,English,Female,Medical Issues,I had surgery and doctor ne complete rest kaha hai,Doctor certificate ke saath semester freeze le sakte hain
374,Mixed,Male,Financial Issues,Late fee fine lag gaya hai aur arrange nahi ho raha. Is liye semester freeze request kar raha/rahi hoon,Late fine waiver ya installment ke liye office se contact karein. Advisor ne recommend kiya hai semester freeze lene ke liye
375,Mixed,Male,Financial Issues,Abbu ki job chali gayi hai is liye semester freeze chahiye. Is liye semester freeze request kar raha/rahi hoon,Temporary semester freeze allow ki ja sakti hai financial crisis ke liye. Advisor ne recommend kiya hai semester freeze lene ke liye
376,English,Male,Mental Health,Mentally bohat exhausted feel kar raha hoon,Mental health ke liye temporary semester freeze consider karein
377,Mixed,Male,Gender/Role Specific,Family business sambhalna par raha hai temporarily. Is liye semester freeze request kar raha/rahi hoon,Semester freeze le kar aap responsibilities manage kar sakte hain. Advisor ne recommend kiya hai semester freeze lene ke liye
378,English,Neutral,Financial Issues,I lost my scholarship and cannot afford this semester,Financial support ke liye advisor ya office se discuss karein
379,English,Male,Administrative Issues,Teacher change request process clear nahi hai,Advisor se guide lein aur semester pause consider karein
380,Mixed,Neutral,Personal/Family Issues,Family migration ki wajah se semester pause karna hai. Is liye semester freeze request kar raha/rahi hoon,Semester freeze allow hoti hai relocation ya migration case me. Advisor ne recommend kiya hai semester freeze lene ke liye
381,English,Female,Medical Issues,I had surgery and doctor ne complete rest kaha hai,Doctor certificate ke saath semester freeze le sakte hain
382,English,Neutral,Mental Health,Mentally drained hoon aur semester manage nahi kar pa raha,Semester freeze ke dauran rest aur recovery pe focus karein
383,English,Neutral,Local/Other Issues,Power outages aur internet disruption ke wajah se classes miss ho rahi hain,Semester pause request submit karein taake classes miss na ho
384,English,Neutral,Local/Other Issues,Floods damaged roads and internet is not working,Semester freeze allow ki ja sakti hai disaster situations me
385,Mixed,Neutral,Gender/Role Specific,Family business sambhalna par raha hai temporarily. Is liye semester freeze request kar raha/rahi hoon,Semester freeze le kar aap responsibilities manage kar sakte hain. Advisor ne recommend kiya hai semester freeze lene ke liye
386,Mixed,Neutral,Administrative Issues,Mujhe 4pm ke baad class attend karna possible nahi. Is liye semester freeze request kar raha/rahi hoon,Semester freeze allow ki ja sakti hai timing issues me. Advisor ne recommend kiya hai semester freeze lene ke liye
387,Mixed,Female,Financial Issues,Abbu ki job chali gayi hai is liye semester freeze chahiye. Is liye semester freeze request kar raha/rahi hoon,Temporary semester freeze allow ki ja sakti hai financial crisis ke liye. Advisor ne recommend kiya hai semester freeze lene ke liye
388,English,Male,Financial Issues,Main temporary full time job kar raha hoon to support family,Semester freeze le kar aap work aur studies dono manage kar sakte hain
389,Mixed,Male,Academic Issues,I dropped many courses and now I am confused what to enroll next. Is liye semester freeze request kar raha/rahi hoon,Academic advisor se consult karein aur proper enrollment plan banayein. Advisor ne recommend kiya hai semester freeze lene ke liye
390,English,Neutral,Medical Issues,Medical condition ki wajah se campus ana possible nahi,Semester freeze submit karen taake aap recovery pe focus karein
391,RomanUrdu,Male,Academic Issues,Basics weak hain is liye advanced courses tough lag rahe hain,Foundation courses complete karne ke baad advance courses enroll karein
392,Mixed,Neutral,Mental Health,Stress ki wajah se exams par focus nahi ho raha. Is liye semester freeze request kar raha/rahi hoon,Semester freeze allow hoti hai stress aur burnout ke cases me. Advisor ne recommend kiya hai semester freeze lene ke liye
393,RomanUrdu,Male,Academic Issues,DSA is too hard for me and I need a break to improve basics,Semester freeze recommend kiya jata hai taake aap basics strong kar sakein
394,English,Male,Local/Other Issues,Competitive coaching ke liye semester pause karna zaroori hai,Semester freeze allow hoti hai professional training ke liye
395,RomanUrdu,Female,Local/Other Issues,Competitive coaching ke liye semester pause karna zaroori hai,Semester freeze allow hoti hai professional training ke liye
396,Mixed,Female,Gender/Role Specific,Male breadwinner responsibility hai is liye break chahiye. Is liye semester freeze request kar raha/rahi hoon,Semester freeze le kar aap family support kar sakte hain. Advisor ne recommend kiya hai semester freeze lene ke liye
397,Mixed,Male,Mental Health,Mentally bohat exhausted feel kar raha hoon. Is liye semester freeze request kar raha/rahi hoon,Mental health ke liye temporary semester freeze consider karein. Advisor ne recommend kiya hai semester freeze lene ke liye
398,English,Male,Financial Issues,Main temporary full time job kar raha hoon to support family,Semester freeze le kar aap work aur studies dono manage kar sakte hain
399,English,Neutral,Academic Issues,Basics weak hain is liye advanced courses tough lag rahe hain,Foundation courses complete karne ke baad advance courses enroll karein
400,RomanUrdu,Male,Academic Issues,Basics weak hain is liye advanced courses tough lag rahe hain,Foundation courses complete karne ke baad advance courses enroll karein
401,RomanUrdu,Female,Mental Health,Mentally drained hoon aur semester manage nahi kar pa raha,Semester freeze ke dauran rest aur recovery pe focus karein
402,English,Female,Medical Issues,Medical condition ki wajah se campus ana possible nahi,Semester freeze submit karen taake aap recovery pe focus karein
403,Mixed,Male,Medical Issues,Medical condition ki wajah se campus ana possible nahi. Is liye semester freeze request kar raha/rahi hoon,Semester freeze submit karen taake aap recovery pe focus karein. Advisor ne recommend kiya hai semester freeze lene ke liye
404,Mixed,Female,Financial Issues,Fees installment allow nahi ki ja rahi hai university policy ke wajah se. Is liye semester freeze request kar raha/rahi hoon,Office se discuss karein aur special request submit karein. Advisor ne recommend kiya hai semester freeze lene ke liye
405,RomanUrdu,Female,Mental Health,Mentally drained hoon aur semester manage nahi kar pa raha,Semester freeze ke dauran rest aur recovery pe focus karein
406,Mixed,Male,Medical Issues,Major illness ke wajah se semester continue nahi kar sakta. Is liye semester freeze request kar raha/rahi hoon,Semester freeze allow ki ja sakti hai illness ke liye. Advisor ne recommend kiya hai semester freeze lene ke liye
407,RomanUrdu,Male,Gender/Role Specific,Father hospital mein hain aur mujhe ghar sambhalna hai,Semester pause allow hoti hai family care ke liye
408,Mixed,Female,Gender/Role Specific,Pregnancy ki wajah se semester continue nahi kar sakti. Is liye semester freeze request kar raha/rahi hoon,Semester freeze allow hoti hai maternity reasons me. Advisor ne recommend kiya hai semester freeze lene ke liye
409,Mixed,Male,Gender/Role Specific,Father hospital mein hain aur mujhe ghar sambhalna hai. Is liye semester freeze request kar raha/rahi hoon,Semester pause allow hoti hai family care ke liye. Advisor ne recommend kiya hai semester freeze lene ke liye
410,English,Male,Academic Issues,DSA is too hard for me and I need a break to improve basics,Semester freeze recommend kiya jata hai taake aap basics strong kar sakein
411,Mixed,Female,Local/Other Issues,Transport strike ke wajah se classes attend nahi ho rahi. Is liye semester freeze request kar raha/rahi hoon,Semester freeze request karein jab tak transport restore na ho. Advisor ne recommend kiya hai semester freeze lene ke liye
412,RomanUrdu,Male,Personal/Family Issues,Hostel band ho gaya aur transport ka issue hai,Semester pause kar sakte hain jab tak facility arrange na ho
413,English,Neutral,Local/Other Issues,Transport strike ke wajah se classes attend nahi ho rahi,Semester freeze request karein jab tak transport restore na ho
414,Mixed,Neutral,Academic Issues,"CGPA below average hai, degree complete ho payegi ya nahi samajh nahi aa raha. Is liye semester freeze request kar raha/rahi hoon",Semester freeze ke dauran CGPA improve karne ka plan banayein. Advisor ne recommend kiya hai semester freeze lene ke liye
415,English,Female,Medical Issues,Recovery after COVID ki wajah se classes miss ho rahi hain,Semester freeze recommended hai taake aap fully recover kar sakein
416,English,Male,Personal/Family Issues,Hostel band ho gaya aur transport ka issue hai,Semester pause kar sakte hain jab tak facility arrange na ho
417,Mixed,Neutral,Financial Issues,Late fee fine lag gaya hai aur arrange nahi ho raha. Is liye semester freeze request kar raha/rahi hoon,Late fine waiver ya installment ke liye office se contact karein. Advisor ne recommend kiya hai semester freeze lene ke liye
418,English,Male,Academic Issues,DSA is too hard for me and I need a break to improve basics,Semester freeze recommend kiya jata hai taake aap basics strong kar sakein
419,English,Male,Gender/Role Specific,Family business sambhalna par raha hai temporarily,Semester freeze le kar aap responsibilities manage kar sakte hain
420,Mixed,Male,Local/Other Issues,Floods damaged roads and internet is not working. Is liye semester freeze request kar raha/rahi hoon,Semester freeze allow ki ja sakti hai disaster situations me. Advisor ne recommend kiya hai semester freeze lene ke liye
421,English,Female,Medical Issues,Recovery after COVID ki wajah se classes miss ho rahi hain,Semester freeze recommended hai taake aap fully recover kar sakein
422,RomanUrdu,Male,Academic Issues,Credit hours overload ho gaye hain aur handle nahi ho raha,Semester freeze le kar workload manage karein
423,Mixed,Male,Academic Issues,"CGPA below average hai, degree complete ho payegi ya nahi samajh nahi aa raha. Is liye semester freeze request kar raha/rahi hoon",Semester freeze ke dauran CGPA improve karne ka plan banayein. Advisor ne recommend kiya hai semester freeze lene ke liye
424,RomanUrdu,Male,Personal/Family Issues,Family pressure hai ke main degree chor doon,Advisor se discuss karein aur semester freeze consider karein
425,English,Female,Financial Issues,Abbu ki job chali gayi hai is liye semester freeze chahiye,Temporary semester freeze allow ki ja sakti hai financial crisis ke liye
426,English,Neutral,Personal/Family Issues,Hostel band ho gaya aur transport ka issue hai,Semester pause kar sakte hain jab tak facility arrange na ho
427,Mixed,Female,Local/Other Issues,Competitive coaching ke liye semester pause karna zaroori hai. Is liye semester freeze request kar raha/rahi hoon,Semester freeze allow hoti hai professional training ke liye. Advisor ne recommend kiya hai semester freeze lene ke liye
428,Mixed,Female,Financial Issues,Abbu ki job chali gayi hai is liye semester freeze chahiye. Is liye semester freeze request kar raha/rahi hoon,Temporary semester freeze allow ki ja sakti hai financial crisis ke liye. Advisor ne recommend kiya hai semester freeze lene ke liye
429,English,Neutral,Medical Issues,I had surgery and doctor ne complete rest kaha hai,Doctor certificate ke saath semester freeze le sakte hain
430,Mixed,Male,Medical Issues,I had surgery and doctor ne complete rest kaha hai. Is liye semester freeze request kar raha/rahi hoon,Doctor certificate ke saath semester freeze le sakte hain. Advisor ne recommend kiya hai semester freeze lene ke liye
431,English,Female,Local/Other Issues,Competitive coaching ke liye semester pause karna zaroori hai,Semester freeze allow hoti hai professional training ke liye
432,English,Female,Personal/Family Issues,Mother bohat sick hain aur unka khayal rakhna hai,Semester freeze request karein taake aap family care kar sakein
433,English,Male,Personal/Family Issues,Family migration ki wajah se semester pause karna hai,Semester freeze allow hoti hai relocation ya migration case me
434,Mixed,Male,Local/Other Issues,Transport strike ke wajah se classes attend nahi ho rahi. Is liye semester freeze request kar raha/rahi hoon,Semester freeze request karein jab tak transport restore na ho. Advisor ne recommend kiya hai semester freeze lene ke liye
435,RomanUrdu,Male,Financial Issues,Abbu ki job chali gayi hai is liye semester freeze chahiye,Temporary semester freeze allow ki ja sakti hai financial crisis ke liye
436,RomanUrdu,Neutral,Personal/Family Issues,Ghar walay business sambhalne ko keh rahe hain,Temporary semester freeze le kar responsibilities manage karein
437,RomanUrdu,Female,Mental Health,Mentally bohat exhausted feel kar raha hoon,Mental health ke liye temporary semester freeze consider karein
438,RomanUrdu,Female,Gender/Role Specific,Pregnancy ki wajah se semester continue nahi kar sakti,Semester freeze allow hoti hai maternity reasons me
439,English,Neutral,Medical Issues,Major illness ke wajah se semester continue nahi kar sakta,Semester freeze allow ki ja sakti hai illness ke liye
440,RomanUrdu,Neutral,Mental Health,Anxiety attacks ki wajah se studies disturb ho rahi hain,Semester freeze le kar mental health improve karein
441,English,Male,Administrative Issues,Semester freeze policy properly samajh nahi aa rahi,Office se clarify karein aur request submit karein
442,English,Male,Gender/Role Specific,Father hospital mein hain aur mujhe ghar sambhalna hai,Semester pause allow hoti hai family care ke liye
443,RomanUrdu,Female,Local/Other Issues,Floods damaged roads and internet is not working,Semester freeze allow ki ja sakti hai disaster situations me
444,Mixed,Neutral,Administrative Issues,Timetable clash hai aur meri classes manage nahi ho rahi. Is liye semester freeze request kar raha/rahi hoon,Semester freeze request kar sakte hain jab timetable adjust ho. Advisor ne recommend kiya hai semester freeze lene ke liye
445,English,Female,Financial Issues,Abbu ki job chali gayi hai is liye semester freeze chahiye,Temporary semester freeze allow ki ja sakti hai financial crisis ke liye
446,RomanUrdu,Female,Mental Health,Anxiety attacks ki wajah se studies disturb ho rahi hain,Semester freeze le kar mental health improve karein
447,RomanUrdu,Neutral,Gender/Role Specific,Father hospital mein hain aur mujhe ghar sambhalna hai,Semester pause allow hoti hai family care ke liye
448,English,Male,Financial Issues,Fees installment allow nahi ki ja rahi hai university policy ke wajah se,Office se discuss karein aur special request submit karein
449,Mixed,Neutral,Academic Issues,Basics weak hain is liye advanced courses tough lag rahe hain. Is liye semester freeze request kar raha/rahi hoon,Foundation courses complete karne ke baad advance courses enroll karein. Advisor ne recommend kiya hai semester freeze lene ke liye
450,Mixed,Male,Academic Issues,DSA is too hard for me and I need a break to improve basics. Is liye semester freeze request kar raha/rahi hoon,Semester freeze recommend kiya jata hai taake aap basics strong kar sakein. Advisor ne recommend kiya hai semester freeze lene ke liye
451,RomanUrdu,Neutral,Financial Issues,I lost my scholarship and cannot afford this semester,Financial support ke liye advisor ya office se discuss karein
452,English,Female,Academic Issues,Credit hours overload ho gaye hain aur handle nahi ho raha,Semester freeze le kar workload manage karein
453,RomanUrdu,Neutral,Medical Issues,Recovery after COVID ki wajah se classes miss ho rahi hain,Semester freeze recommended hai taake aap fully recover kar sakein
454,Mixed,Female,Financial Issues,Abbu ki job chali gayi hai is liye semester freeze chahiye. Is liye semester freeze request kar raha/rahi hoon,Temporary semester freeze allow ki ja sakti hai financial crisis ke liye. Advisor ne recommend kiya hai semester freeze lene ke liye
455,Mixed,Female,Administrative Issues,"Lab aur lecture same time hai, attend nahi kar pa raha. Is liye semester freeze request kar raha/rahi hoon",Semester freeze consider karein jab tak schedule fix na ho. Advisor ne recommend kiya hai semester freeze lene ke liye
456,Mixed,Neutral,Academic Issues,DSA is too hard for me and I need a break to improve basics. Is liye semester freeze request kar raha/rahi hoon,Semester freeze recommend kiya jata hai taake aap basics strong kar sakein. Advisor ne recommend kiya hai semester freeze lene ke liye
457,English,Neutral,Mental Health,Severe burnout ho gaya hai aur focus nahi ban raha,Semester pause karna aapke liye beneficial hoga
458,RomanUrdu,Female,Administrative Issues,"Lab aur lecture same time hai, attend nahi kar pa raha",Semester freeze consider karein jab tak schedule fix na ho
459,RomanUrdu,Female,Gender/Role Specific,Family business sambhalna par raha hai temporarily,Semester freeze le kar aap responsibilities manage kar sakte hain
460,Mixed,Female,Administrative Issues,Semester freeze policy properly samajh nahi aa rahi. Is liye semester freeze request kar raha/rahi hoon,Office se clarify karein aur request submit karein. Advisor ne recommend kiya hai semester freeze lene ke liye
461,Mixed,Neutral,Academic Issues,"CGPA below average hai, degree complete ho payegi ya nahi samajh nahi aa raha. Is liye semester freeze request kar raha/rahi hoon",Semester freeze ke dauran CGPA improve karne ka plan banayein. Advisor ne recommend kiya hai semester freeze lene ke liye
462,Mixed,Male,Personal/Family Issues,Ghar walay business sambhalne ko keh rahe hain. Is liye semester freeze request kar raha/rahi hoon,Temporary semester freeze le kar responsibilities manage karein. Advisor ne recommend kiya hai semester freeze lene ke liye
463,Mixed,Male,Local/Other Issues,Protests aur political unrest ki wajah se campus nahi ja sakta. Is liye semester freeze request kar raha/rahi hoon,Temporary semester freeze consider karein. Advisor ne recommend kiya hai semester freeze lene ke liye
464,English,Neutral,Academic Issues,Credit hours overload ho gaye hain aur handle nahi ho raha,Semester freeze le kar workload manage karein
465,RomanUrdu,Male,Mental Health,Depression ki wajah se classes miss ho rahi hain,Advisor ke saath discuss karein aur semester freeze lein
466,RomanUrdu,Male,Mental Health,Stress ki wajah se exams par focus nahi ho raha,Semester freeze allow hoti hai stress aur burnout ke cases me
467,English,Male,Administrative Issues,Mujhe 4pm ke baad class attend karna possible nahi,Semester freeze allow ki ja sakti hai timing issues me
468,RomanUrdu,Neutral,Personal/Family Issues,Mother bohat sick hain aur unka khayal rakhna hai,Semester freeze request karein taake aap family care kar sakein
469,Mixed,Male,Gender/Role Specific,Childcare ki wajah se classes attend nahi ho pa rahi. Is liye semester freeze request kar raha/rahi hoon,Semester freeze request karein childcare ke liye. Advisor ne recommend kiya hai semester freeze lene ke liye
470,English,Male,Administrative Issues,Semester freeze policy properly samajh nahi aa rahi,Office se clarify karein aur request submit karein
471,Mixed,Male,Medical Issues,Major illness ke wajah se semester continue nahi kar sakta. Is liye semester freeze request kar raha/rahi hoon,Semester freeze allow ki ja sakti hai illness ke liye. Advisor ne recommend kiya hai semester freeze lene ke liye
472,English,Female,Mental Health,Severe burnout ho gaya hai aur focus nahi ban raha,Semester pause karna aapke liye beneficial hoga
473,RomanUrdu,Female,Gender/Role Specific,Male breadwinner responsibility hai is liye break chahiye,Semester freeze le kar aap family support kar sakte hain
474,Mixed,Male,Gender/Role Specific,Childcare ki wajah se classes attend nahi ho pa rahi. Is liye semester freeze request kar raha/rahi hoon,Semester freeze request karein childcare ke liye. Advisor ne recommend kiya hai semester freeze lene ke liye
475,English,Neutral,Personal/Family Issues,Family pressure hai ke main degree chor doon,Advisor se discuss karein aur semester freeze consider karein
476,Mixed,Neutral,Mental Health,Severe burnout ho gaya hai aur focus nahi ban raha. Is liye semester freeze request kar raha/rahi hoon,Semester pause karna aapke liye beneficial hoga. Advisor ne recommend kiya hai semester freeze lene ke liye
477,English,Male,Medical Issues,Chronic pain ki wajah se classes attend nahi ho rahi,Medical certificate submit karein aur semester freeze request karein
478,Mixed,Male,Financial Issues,I lost my scholarship and cannot afford this semester. Is liye semester freeze request kar raha/rahi hoon,Financial support ke liye advisor ya office se discuss karein. Advisor ne recommend kiya hai semester freeze lene ke liye
479,English,Neutral,Medical Issues,Chronic pain ki wajah se classes attend nahi ho rahi,Medical certificate submit karein aur semester freeze request karein
480,English,Male,Personal/Family Issues,Hostel band ho gaya aur transport ka issue hai,Semester pause kar sakte hain jab tak facility arrange na ho
481,RomanUrdu,Female,Financial Issues,My fee is unpaid and family income suddenly stopped,Aapko fee installment request submit karni chahiye ya temporary semester freeze le sakte hain
482,RomanUrdu,Male,Gender/Role Specific,Pregnancy ki wajah se semester continue nahi kar sakti,Semester freeze allow hoti hai maternity reasons me
483,RomanUrdu,Female,Personal/Family Issues,Family migration ki wajah se semester pause karna hai,Semester freeze allow hoti hai relocation ya migration case me
484,RomanUrdu,Female,Personal/Family Issues,Mother bohat sick hain aur unka khayal rakhna hai,Semester freeze request karein taake aap family care kar sakein
485,English,Female,Local/Other Issues,Protests aur political unrest ki wajah se campus nahi ja sakta,Temporary semester freeze consider karein
486,English,Male,Administrative Issues,Semester freeze policy properly samajh nahi aa rahi,Office se clarify karein aur request submit karein
487,Mixed,Male,Personal/Family Issues,Hostel band ho gaya aur transport ka issue hai. Is liye semester freeze request kar raha/rahi hoon,Semester pause kar sakte hain jab tak facility arrange na ho. Advisor ne recommend kiya hai semester freeze lene ke liye
488,Mixed,Female,Gender/Role Specific,Safety issues ki wajah se campus travel possible nahi. Is liye semester freeze request kar raha/rahi hoon,Temporary semester freeze request karein safety ke liye. Advisor ne recommend kiya hai semester freeze lene ke liye
489,English,Female,Local/Other Issues,Power outages aur internet disruption ke wajah se classes miss ho rahi hain,Semester pause request submit karein taake classes miss na ho
490,English,Neutral,Local/Other Issues,Power outages aur internet disruption ke wajah se classes miss ho rahi hain,Semester pause request submit karein taake classes miss na ho
491,English,Neutral,Local/Other Issues,Competitive coaching ke liye semester pause karna zaroori hai,Semester freeze allow hoti hai professional training ke liye
492,English,Male,Gender/Role Specific,Male breadwinner responsibility hai is liye break chahiye,Semester freeze le kar aap family support kar sakte hain
493,RomanUrdu,Neutral,Gender/Role Specific,Male breadwinner responsibility hai is liye break chahiye,Semester freeze le kar aap family support kar sakte hain
494,RomanUrdu,Neutral,Personal/Family Issues,Ghar walay business sambhalne ko keh rahe hain,Temporary semester freeze le kar responsibilities manage karein
495,RomanUrdu,Neutral,Medical Issues,Accident hua hai aur physiotherapy chal rahi hai,Recovery ke liye semester freeze recommended hai
496,English,Neutral,Administrative Issues,Semester freeze policy properly samajh nahi aa rahi,Office se clarify karein aur request submit karein
497,Mixed,Neutral,Mental Health,Mentally bohat exhausted feel kar raha hoon. Is liye semester freeze request kar raha/rahi hoon,Mental health ke liye temporary semester freeze consider karein. Advisor ne recommend kiya hai semester freeze lene ke liye
498,English,Neutral,Financial Issues,I lost my scholarship and cannot afford this semester,Financial support ke liye advisor ya office se discuss karein
499,Mixed,Female,Mental Health,Anxiety attacks ki wajah se studies disturb ho rahi hain. Is liye semester freeze request kar raha/rahi hoon,Semester freeze le kar mental health improve karein. Advisor ne recommend kiya hai semester freeze lene ke liye
500,RomanUrdu,Neutral,Personal/Family Issues,Family migration ki wajah se semester pause karna hai,Semester freeze allow hoti hai relocation ya migration case me
501,RomanUrdu,Neutral,Gender/Role Specific,Safety issues ki wajah se campus travel possible nahi,Temporary semester freeze request karein safety ke liye
502,RomanUrdu,Female,Academic Issues,DSA is too hard for me and I need a break to improve basics,Semester freeze recommend kiya jata hai taake aap basics strong kar sakein
503,Mixed,Female,Mental Health,Severe burnout ho gaya hai aur focus nahi ban raha. Is liye semester freeze request kar raha/rahi hoon,Semester pause karna aapke liye beneficial hoga. Advisor ne recommend kiya hai semester freeze lene ke liye
504,Mixed,Female,Medical Issues,Chronic pain ki wajah se classes attend nahi ho rahi. Is liye semester freeze request kar raha/rahi hoon,Medical certificate submit karein aur semester freeze request karein. Advisor ne recommend kiya hai semester freeze lene ke liye
505,RomanUrdu,Neutral,Academic Issues,DSA is too hard for me and I need a break to improve basics,Semester freeze recommend kiya jata hai taake aap basics strong kar sakein
506,English,Neutral,Gender/Role Specific,Childcare ki wajah se classes attend nahi ho pa rahi,Semester freeze request karein childcare ke liye
507,Mixed,Female,Financial Issues,My fee is unpaid and family income suddenly stopped. Is liye semester freeze request kar raha/rahi hoon,Aapko fee installment request submit karni chahiye ya temporary semester freeze le sakte hain. Advisor ne recommend kiya hai semester freeze lene ke liye
508,English,Female,Administrative Issues,Mujhe 4pm ke baad class attend karna possible nahi,Semester freeze allow ki ja sakti hai timing issues me
509,English,Female,Administrative Issues,"Lab aur lecture same time hai, attend nahi kar pa raha",Semester freeze consider karein jab tak schedule fix na ho
510,English,Neutral,Personal/Family Issues,Mother bohat sick hain aur unka khayal rakhna hai,Semester freeze request karein taake aap family care kar sakein
511,RomanUrdu,Male,Financial Issues,My fee is unpaid and family income suddenly stopped,Aapko fee installment request submit karni chahiye ya temporary semester freeze le sakte hain
512,English,Male,Local/Other Issues,Floods damaged roads and internet is not working,Semester freeze allow ki ja sakti hai disaster situations me
513,Mixed,Neutral,Medical Issues,Accident hua hai aur physiotherapy chal rahi hai. Is liye semester freeze request kar raha/rahi hoon,Recovery ke liye semester freeze recommended hai. Advisor ne recommend kiya hai semester freeze lene ke liye
514,English,Male,Gender/Role Specific,Father hospital mein hain aur mujhe ghar sambhalna hai,Semester pause allow hoti hai family care ke liye
515,English,Male,Administrative Issues,Teacher change request process clear nahi hai,Advisor se guide lein aur semester pause consider karein
516,RomanUrdu,Female,Financial Issues,Late fee fine lag gaya hai aur arrange nahi ho raha,Late fine waiver ya installment ke liye office se contact karein
517,RomanUrdu,Female,Medical Issues,Major illness ke wajah se semester continue nahi kar sakta,Semester freeze allow ki ja sakti hai illness ke liye
518,English,Male,Personal/Family Issues,Family migration ki wajah se semester pause karna hai,Semester freeze allow hoti hai relocation ya migration case me
519,English,Male,Local/Other Issues,Power outages aur internet disruption ke wajah se classes miss ho rahi hain,Semester pause request submit karein taake classes miss na ho
520,RomanUrdu,Female,Financial Issues,My fee is unpaid and family income suddenly stopped,Aapko fee installment request submit karni chahiye ya temporary semester freeze le sakte hain
521,RomanUrdu,Neutral,Financial Issues,Main temporary full time job kar raha hoon to support family,Semester freeze le kar aap work aur studies dono manage kar sakte hain
522,RomanUrdu,Female,Local/Other Issues,Floods damaged roads and internet is not working,Semester freeze allow ki ja sakti hai disaster situations me
523,English,Male,Medical Issues,Medical condition ki wajah se campus ana possible nahi,Semester freeze submit karen taake aap recovery pe focus karein
524,RomanUrdu,Female,Mental Health,Stress ki wajah se exams par focus nahi ho raha,Semester freeze allow hoti hai stress aur burnout ke cases me
525,Mixed,Male,Financial Issues,Late fee fine lag gaya hai aur arrange nahi ho raha. Is liye semester freeze request kar raha/rahi hoon,Late fine waiver ya installment ke liye office se contact karein. Advisor ne recommend kiya hai semester freeze lene ke liye
526,English,Female,Local/Other Issues,Floods damaged roads and internet is not working,Semester freeze allow ki ja sakti hai disaster situations me
527,English,Neutral,Local/Other Issues,Protests aur political unrest ki wajah se campus nahi ja sakta,Temporary semester freeze consider karein
528,English,Female,Administrative Issues,Timetable clash hai aur meri classes manage nahi ho rahi,Semester freeze request kar sakte hain jab timetable adjust ho
529,English,Male,Medical Issues,Recovery after COVID ki wajah se classes miss ho rahi hain,Semester freeze recommended hai taake aap fully recover kar sakein
530,English,Male,Academic Issues,I dropped many courses and now I am confused what to enroll next,Academic advisor se consult karein aur proper enrollment plan banayein
531,English,Neutral,Academic Issues,DSA is too hard for me and I need a break to improve basics,Semester freeze recommend kiya jata hai taake aap basics strong kar sakein
532,Mixed,Neutral,Local/Other Issues,Transport strike ke wajah se classes attend nahi ho rahi. Is liye semester freeze request kar raha/rahi hoon,Semester freeze request karein jab tak transport restore na ho. Advisor ne recommend kiya hai semester freeze lene ke liye
533,Mixed,Female,Personal/Family Issues,Family migration ki wajah se semester pause karna hai. Is liye semester freeze request kar raha/rahi hoon,Semester freeze allow hoti hai relocation ya migration case me. Advisor ne recommend kiya hai semester freeze lene ke liye
534,Mixed,Female,Local/Other Issues,Competitive coaching ke liye semester pause karna zaroori hai. Is liye semester freeze request kar raha/rahi hoon,Semester freeze allow hoti hai professional training ke liye. Advisor ne recommend kiya hai semester freeze lene ke liye
535,English,Neutral,Administrative Issues,Teacher change request process clear nahi hai,Advisor se guide lein aur semester pause consider karein
536,RomanUrdu,Female,Personal/Family Issues,Hostel band ho gaya aur transport ka issue hai,Semester pause kar sakte hain jab tak facility arrange na ho
537,RomanUrdu,Female,Local/Other Issues,Floods damaged roads and internet is not working,Semester freeze allow ki ja sakti hai disaster situations me
538,Mixed,Neutral,Gender/Role Specific,Male breadwinner responsibility hai is liye break chahiye. Is liye semester freeze request kar raha/rahi hoon,Semester freeze le kar aap family support kar sakte hain. Advisor ne recommend kiya hai semester freeze lene ke liye
539,RomanUrdu,Neutral,Financial Issues,Fees installment allow nahi ki ja rahi hai university policy ke wajah se,Office se discuss karein aur special request submit karein
540,English,Male,Financial Issues,Fees installment allow nahi ki ja rahi hai university policy ke wajah se,Office se discuss karein aur special request submit karein
541,English,Neutral,Local/Other Issues,Lab resource unavailable hai is liye semester freeze request kar raha/rahi hoon,Semester pause consider karein jab tak resources available na ho
542,English,Male,Medical Issues,Recovery after COVID ki wajah se classes miss ho rahi hain,Semester freeze recommended hai taake aap fully recover kar sakein
543,RomanUrdu,Male,Gender/Role Specific,Male breadwinner responsibility hai is liye break chahiye,Semester freeze le kar aap family support kar sakte hain
544,Mixed,Neutral,Mental Health,Mentally drained hoon aur semester manage nahi kar pa raha. Is liye semester freeze request kar raha/rahi hoon,Semester freeze ke dauran rest aur recovery pe focus karein. Advisor ne recommend kiya hai semester freeze lene ke liye
545,RomanUrdu,Male,Gender/Role Specific,Father hospital mein hain aur mujhe ghar sambhalna hai,Semester pause allow hoti hai family care ke liye
546,RomanUrdu,Male,Academic Issues,DSA is too hard for me and I need a break to improve basics,Semester freeze recommend kiya jata hai taake aap basics strong kar sakein
547,Mixed,Male,Mental Health,Anxiety attacks ki wajah se studies disturb ho rahi hain. Is liye semester freeze request kar raha/rahi hoon,Semester freeze le kar mental health improve karein. Advisor ne recommend kiya hai semester freeze lene ke liye
548,Mixed,Neutral,Local/Other Issues,Power outages aur internet disruption ke wajah se classes miss ho rahi hain. Is liye semester freeze request kar raha/rahi hoon,Semester pause request submit karein taake classes miss na ho. Advisor ne recommend kiya hai semester freeze lene ke liye
549,RomanUrdu,Neutral,Medical Issues,I had surgery and doctor ne complete rest kaha hai,Doctor certificate ke saath semester freeze le sakte hain
550,English,Neutral,Academic Issues,Basics weak hain is liye advanced courses tough lag rahe hain,Foundation courses complete karne ke baad advance courses enroll karein
551,English,Male,Administrative Issues,"Lab aur lecture same time hai, attend nahi kar pa raha",Semester freeze consider karein jab tak schedule fix na ho
552,Mixed,Female,Personal/Family Issues,Meri shaadi fix ho gayi hai aur relocation ho rahi hai. Is liye semester freeze request kar raha/rahi hoon,Semester freeze allow hoti hai relocation ya marriage ki wajah se. Advisor ne recommend kiya hai semester freeze lene ke liye
553,Mixed,Neutral,Medical Issues,Chronic pain ki wajah se classes attend nahi ho rahi. Is liye semester freeze request kar raha/rahi hoon,Medical certificate submit karein aur semester freeze request karein. Advisor ne recommend kiya hai semester freeze lene ke liye
554,Mixed,Male,Personal/Family Issues,Meri shaadi fix ho gayi hai aur relocation ho rahi hai. Is liye semester freeze request kar raha/rahi hoon,Semester freeze allow hoti hai relocation ya marriage ki wajah se. Advisor ne recommend kiya hai semester freeze lene ke liye
555,Mixed,Neutral,Mental Health,Severe burnout ho gaya hai aur focus nahi ban raha. Is liye semester freeze request kar raha/rahi hoon,Semester pause karna aapke liye beneficial hoga. Advisor ne recommend kiya hai semester freeze lene ke liye
556,Mixed,Neutral,Local/Other Issues,Power outages aur internet disruption ke wajah se classes miss ho rahi hain. Is liye semester freeze request kar raha/rahi hoon,Semester pause request submit karein taake classes miss na ho. Advisor ne recommend kiya hai semester freeze lene ke liye
557,English,Male,Academic Issues,Credit hours overload ho gaye hain aur handle nahi ho raha,Semester freeze le kar workload manage karein
558,RomanUrdu,Female,Mental Health,Stress ki wajah se exams par focus nahi ho raha,Semester freeze allow hoti hai stress aur burnout ke cases me
559,Mixed,Male,Gender/Role Specific,Father hospital mein hain aur mujhe ghar sambhalna hai. Is liye semester freeze request kar raha/rahi hoon,Semester pause allow hoti hai family care ke liye. Advisor ne recommend kiya hai semester freeze lene ke liye
560,RomanUrdu,Male,Academic Issues,Basics weak hain is liye advanced courses tough lag rahe hain,Foundation courses complete karne ke baad advance courses enroll karein
561,Mixed,Male,Financial Issues,Fees installment allow nahi ki ja rahi hai university policy ke wajah se. Is liye semester freeze request kar raha/rahi hoon,Office se discuss karein aur special request submit karein. Advisor ne recommend kiya hai semester freeze lene ke liye
562,RomanUrdu,Male,Financial Issues,Main temporary full time job kar raha hoon to support family,Semester freeze le kar aap work aur studies dono manage kar sakte hain
563,Mixed,Neutral,Medical Issues,I had surgery and doctor ne complete rest kaha hai. Is liye semester freeze request kar raha/rahi hoon,Doctor certificate ke saath semester freeze le sakte hain. Advisor ne recommend kiya hai semester freeze lene ke liye
564,English,Female,Medical Issues,Medical condition ki wajah se campus ana possible nahi,Semester freeze submit karen taake aap recovery pe focus karein
565,English,Male,Local/Other Issues,Transport strike ke wajah se classes attend nahi ho rahi,Semester freeze request karein jab tak transport restore na ho
566,English,Female,Gender/Role Specific,Male breadwinner responsibility hai is liye break chahiye,Semester freeze le kar aap family support kar sakte hain
567,English,Male,Financial Issues,Abbu ki job chali gayi hai is liye semester freeze chahiye,Temporary semester freeze allow ki ja sakti hai financial crisis ke liye
568,Mixed,Male,Academic Issues,I dropped many courses and now I am confused what to enroll next. Is liye semester freeze request kar raha/rahi hoon,Academic advisor se consult karein aur proper enrollment plan banayein. Advisor ne recommend kiya hai semester freeze lene ke liye
569,English,Neutral,Financial Issues,Main temporary full time job kar raha hoon to support family,Semester freeze le kar aap work aur studies dono manage kar sakte hain
570,English,Neutral,Personal/Family Issues,Ghar walay business sambhalne ko keh rahe hain,Temporary semester freeze le kar responsibilities manage karein
571,Mixed,Neutral,Academic Issues,Basics weak hain is liye advanced courses tough lag rahe hain. Is liye semester freeze request kar raha/rahi hoon,Foundation courses complete karne ke baad advance courses enroll karein. Advisor ne recommend kiya hai semester freeze lene ke liye
572,English,Neutral,Administrative Issues,Timetable clash hai aur meri classes manage nahi ho rahi,Semester freeze request kar sakte hain jab timetable adjust ho
573,English,Male,Medical Issues,Medical condition ki wajah se campus ana possible nahi,Semester freeze submit karen taake aap recovery pe focus karein
574,English,Male,Financial Issues,Abbu ki job chali gayi hai is liye semester freeze chahiye,Temporary semester freeze allow ki ja sakti hai financial crisis ke liye
575,Mixed,Male,Administrative Issues,Teacher change request process clear nahi hai. Is liye semester freeze request kar raha/rahi hoon,Advisor se guide lein aur semester pause consider karein. Advisor ne recommend kiya hai semester freeze lene ke liye
576,Mixed,Female,Medical Issues,Accident hua hai aur physiotherapy chal rahi hai. Is liye semester freeze request kar raha/rahi hoon,Recovery ke liye semester freeze recommended hai. Advisor ne recommend kiya hai semester freeze lene ke liye
577,English,Male,Gender/Role Specific,Male breadwinner responsibility hai is liye break chahiye,Semester freeze le kar aap family support kar sakte hain
578,RomanUrdu,Female,Academic Issues,"CGPA below average hai, degree complete ho payegi ya nahi samajh nahi aa raha",Semester freeze ke dauran CGPA improve karne ka plan banayein
579,RomanUrdu,Male,Gender/Role Specific,Male breadwinner responsibility hai is liye break chahiye,Semester freeze le kar aap family support kar sakte hain
580,RomanUrdu,Neutral,Gender/Role Specific,Safety issues ki wajah se campus travel possible nahi,Temporary semester freeze request karein safety ke liye
581,RomanUrdu,Neutral,Medical Issues,Chronic pain ki wajah se classes attend nahi ho rahi,Medical certificate submit karein aur semester freeze request karein
582,English,Male,Academic Issues,I failed PF and OOP both and I need time to prepare again,Aap semester freeze le sakte hain aur next semester me core subjects dobara enroll karein
583,English,Female,Academic Issues,"CGPA below average hai, degree complete ho payegi ya nahi samajh nahi aa raha",Semester freeze ke dauran CGPA improve karne ka plan banayein
584,English,Female,Mental Health,Severe burnout ho gaya hai aur focus nahi ban raha,Semester pause karna aapke liye beneficial hoga
585,RomanUrdu,Female,Local/Other Issues,Lab resource unavailable hai is liye semester freeze request kar raha/rahi hoon,Semester pause consider karein jab tak resources available na ho
586,RomanUrdu,Male,Local/Other Issues,Transport strike ke wajah se classes attend nahi ho rahi,Semester freeze request karein jab tak transport restore na ho
587,English,Male,Gender/Role Specific,Safety issues ki wajah se campus travel possible nahi,Temporary semester freeze request karein safety ke liye
588,RomanUrdu,Female,Mental Health,Severe burnout ho gaya hai aur focus nahi ban raha,Semester pause karna aapke liye beneficial hoga
589,Mixed,Female,Local/Other Issues,Power outages aur internet disruption ke wajah se classes miss ho rahi hain. Is liye semester freeze request kar raha/rahi hoon,Semester pause request submit karein taake classes miss na ho. Advisor ne recommend kiya hai semester freeze lene ke liye
590,English,Male,Mental Health,Mentally bohat exhausted feel kar raha hoon,Mental health ke liye temporary semester freeze consider karein
591,RomanUrdu,Male,Financial Issues,Late fee fine lag gaya hai aur arrange nahi ho raha,Late fine waiver ya installment ke liye office se contact karein
592,English,Female,Local/Other Issues,Lab resource unavailable hai is liye semester freeze request kar raha/rahi hoon,Semester pause consider karein jab tak resources available na ho
593,Mixed,Male,Gender/Role Specific,Childcare ki wajah se classes attend nahi ho pa rahi. Is liye semester freeze request kar raha/rahi hoon,Semester freeze request karein childcare ke liye. Advisor ne recommend kiya hai semester freeze lene ke liye
594,RomanUrdu,Neutral,Administrative Issues,Teacher change request process clear nahi hai,Advisor se guide lein aur semester pause consider karein
595,RomanUrdu,Female,Mental Health,Anxiety attacks ki wajah se studies disturb ho rahi hain,Semester freeze le kar mental health improve karein
596,RomanUrdu,Male,Medical Issues,Major illness ke wajah se semester continue nahi kar sakta,Semester freeze allow ki ja sakti hai illness ke liye
597,English,Male,Medical Issues,Medical condition ki wajah se campus ana possible nahi,Semester freeze submit karen taake aap recovery pe focus karein
598,Mixed,Neutral,Medical Issues,Chronic pain ki wajah se classes attend nahi ho rahi. Is liye semester freeze request kar raha/rahi hoon,Medical certificate submit karein aur semester freeze request karein. Advisor ne recommend kiya hai semester freeze lene ke liye
599,RomanUrdu,Male,Financial Issues,My fee is unpaid and family income suddenly stopped,Aapko fee installment request submit karni chahiye ya temporary semester freeze le sakte hain
600,Mixed,Male,Academic Issues,Credit hours overload ho gaye hain aur handle nahi ho raha. Is liye semester freeze request kar raha/rahi hoon,Semester freeze le kar workload manage karein. Advisor ne recommend kiya hai semester freeze lene ke liye
601,Mixed,Male,Local/Other Issues,Transport strike ke wajah se classes attend nahi ho rahi. Is liye semester freeze request kar raha/rahi hoon,Semester freeze request karein jab tak transport restore na ho. Advisor ne recommend kiya hai semester freeze lene ke liye
602,RomanUrdu,Male,Academic Issues,Basics weak hain is liye advanced courses tough lag rahe hain,Foundation courses complete karne ke baad advance courses enroll karein
603,English,Male,Personal/Family Issues,Family migration ki wajah se semester pause karna hai,Semester freeze allow hoti hai relocation ya migration case me
604,English,Female,Personal/Family Issues,Meri shaadi fix ho gayi hai aur relocation ho rahi hai,Semester freeze allow hoti hai relocation ya marriage ki wajah se
605,RomanUrdu,Neutral,Mental Health,Severe burnout ho gaya hai aur focus nahi ban raha,Semester pause karna aapke liye beneficial hoga
606,RomanUrdu,Male,Personal/Family Issues,Ghar walay business sambhalne ko keh rahe hain,Temporary semester freeze le kar responsibilities manage karein
607,Mixed,Male,Administrative Issues,Degree extension ka issue hai aur guidance chahiye. Is liye semester freeze request kar raha/rahi hoon,Semester freeze ke sath degree extension process initiate karein. Advisor ne recommend kiya hai semester freeze lene ke liye
608,English,Male,Personal/Family Issues,Hostel band ho gaya aur transport ka issue hai,Semester pause kar sakte hain jab tak facility arrange na ho
609,English,Female,Medical Issues,Recovery after COVID ki wajah se classes miss ho rahi hain,Semester freeze recommended hai taake aap fully recover kar sakein
610,Mixed,Female,Personal/Family Issues,Meri shaadi fix ho gayi hai aur relocation ho rahi hai. Is liye semester freeze request kar raha/rahi hoon,Semester freeze allow hoti hai relocation ya marriage ki wajah se. Advisor ne recommend kiya hai semester freeze lene ke liye
611,RomanUrdu,Female,Medical Issues,Recovery after COVID ki wajah se classes miss ho rahi hain,Semester freeze recommended hai taake aap fully recover kar sakein
612,English,Neutral,Local/Other Issues,Power outages aur internet disruption ke wajah se classes miss ho rahi hain,Semester pause request submit karein taake classes miss na ho
613,Mixed,Female,Academic Issues,I dropped many courses and now I am confused what to enroll next. Is liye semester freeze request kar raha/rahi hoon,Academic advisor se consult karein aur proper enrollment plan banayein. Advisor ne recommend kiya hai semester freeze lene ke liye
614,RomanUrdu,Female,Local/Other Issues,Power outages aur internet disruption ke wajah se classes miss ho rahi hain,Semester pause request submit karein taake classes miss na ho
615,English,Neutral,Mental Health,Mentally drained hoon aur semester manage nahi kar pa raha,Semester freeze ke dauran rest aur recovery pe focus karein
616,RomanUrdu,Male,Personal/Family Issues,Family pressure hai ke main degree chor doon,Advisor se discuss karein aur semester freeze consider karein
617,RomanUrdu,Neutral,Local/Other Issues,Transport strike ke wajah se classes attend nahi ho rahi,Semester freeze request karein jab tak transport restore na ho
618,RomanUrdu,Female,Gender/Role Specific,Childcare ki wajah se classes attend nahi ho pa rahi,Semester freeze request karein childcare ke liye
619,English,Female,Gender/Role Specific,Pregnancy ki wajah se semester continue nahi kar sakti,Semester freeze allow hoti hai maternity reasons me
620,RomanUrdu,Neutral,Mental Health,Anxiety attacks ki wajah se studies disturb ho rahi hain,Semester freeze le kar mental health improve karein
621,English,Neutral,Mental Health,Mentally bohat exhausted feel kar raha hoon,Mental health ke liye temporary semester freeze consider karein
622,English,Female,Local/Other Issues,Floods damaged roads and internet is not working,Semester freeze allow ki ja sakti hai disaster situations me
623,Mixed,Female,Personal/Family Issues,Mother bohat sick hain aur unka khayal rakhna hai. Is liye semester freeze request kar raha/rahi hoon,Semester freeze request karein taake aap family care kar sakein. Advisor ne recommend kiya hai semester freeze lene ke liye
624,Mixed,Female,Local/Other Issues,Transport strike ke wajah se classes attend nahi ho rahi. Is liye semester freeze request kar raha/rahi hoon,Semester freeze request karein jab tak transport restore na ho. Advisor ne recommend kiya hai semester freeze lene ke liye
625,English,Male,Medical Issues,Medical condition ki wajah se campus ana possible nahi,Semester freeze submit karen taake aap recovery pe focus karein
626,English,Male,Administrative Issues,Mujhe 4pm ke baad class attend karna possible nahi,Semester freeze allow ki ja sakti hai timing issues me
627,Mixed,Neutral,Mental Health,Depression ki wajah se classes miss ho rahi hain. Is liye semester freeze request kar raha/rahi hoon,Advisor ke saath discuss karein aur semester freeze lein. Advisor ne recommend kiya hai semester freeze lene ke liye
628,RomanUrdu,Male,Medical Issues,I had surgery and doctor ne complete rest kaha hai,Doctor certificate ke saath semester freeze le sakte hain
629,English,Female,Mental Health,Depression ki wajah se classes miss ho rahi hain,Advisor ke saath discuss karein aur semester freeze lein
630,Mixed,Neutral,Academic Issues,I failed PF and OOP both and I need time to prepare again. Is liye semester freeze request kar raha/rahi hoon,Aap semester freeze le sakte hain aur next semester me core subjects dobara enroll karein. Advisor ne recommend kiya hai semester freeze lene ke liye
631,Mixed,Male,Gender/Role Specific,Father hospital mein hain aur mujhe ghar sambhalna hai. Is liye semester freeze request kar raha/rahi hoon,Semester pause allow hoti hai family care ke liye. Advisor ne recommend kiya hai semester freeze lene ke liye
632,RomanUrdu,Neutral,Financial Issues,Fees installment allow nahi ki ja rahi hai university policy ke wajah se,Office se discuss karein aur special request submit karein
633,RomanUrdu,Male,Mental Health,Anxiety attacks ki wajah se studies disturb ho rahi hain,Semester freeze le kar mental health improve karein
634,Mixed,Male,Financial Issues,I lost my scholarship and cannot afford this semester. Is liye semester freeze request kar raha/rahi hoon,Financial support ke liye advisor ya office se discuss karein. Advisor ne recommend kiya hai semester freeze lene ke liye
635,RomanUrdu,Neutral,Academic Issues,I failed PF and OOP both and I need time to prepare again,Aap semester freeze le sakte hain aur next semester me core subjects dobara enroll karein
636,English,Female,Academic Issues,"CGPA below average hai, degree complete ho payegi ya nahi samajh nahi aa raha",Semester freeze ke dauran CGPA improve karne ka plan banayein
637,Mixed,Female,Personal/Family Issues,Mother bohat sick hain aur unka khayal rakhna hai. Is liye semester freeze request kar raha/rahi hoon,Semester freeze request karein taake aap family care kar sakein. Advisor ne recommend kiya hai semester freeze lene ke liye
638,RomanUrdu,Male,Gender/Role Specific,Male breadwinner responsibility hai is liye break chahiye,Semester freeze le kar aap family support kar sakte hain
639,English,Male,Medical Issues,Major illness ke wajah se semester continue nahi kar sakta,Semester freeze allow ki ja sakti hai illness ke liye
640,Mixed,Female,Personal/Family Issues,Family migration ki wajah se semester pause karna hai. Is liye semester freeze request kar raha/rahi hoon,Semester freeze allow hoti hai relocation ya migration case me. Advisor ne recommend kiya hai semester freeze lene ke liye
641,Mixed,Male,Personal/Family Issues,Meri shaadi fix ho gayi hai aur relocation ho rahi hai. Is liye semester freeze request kar raha/rahi hoon,Semester freeze allow hoti hai relocation ya marriage ki wajah se. Advisor ne recommend kiya hai semester freeze lene ke liye
642,Mixed,Female,Medical Issues,I had surgery and doctor ne complete rest kaha hai. Is liye semester freeze request kar raha/rahi hoon,Doctor certificate ke saath semester freeze le sakte hain. Advisor ne recommend kiya hai semester freeze lene ke liye
643,Mixed,Neutral,Academic Issues,Basics weak hain is liye advanced courses tough lag rahe hain. Is liye semester freeze request kar raha/rahi hoon,Foundation courses complete karne ke baad advance courses enroll karein. Advisor ne recommend kiya hai semester freeze lene ke liye
644,RomanUrdu,Male,Administrative Issues,"Lab aur lecture same time hai, attend nahi kar pa raha",Semester freeze consider karein jab tak schedule fix na ho
645,Mixed,Neutral,Medical Issues,Recovery after COVID ki wajah se classes miss ho rahi hain. Is liye semester freeze request kar raha/rahi hoon,Semester freeze recommended hai taake aap fully recover kar sakein. Advisor ne recommend kiya hai semester freeze lene ke liye
646,RomanUrdu,Female,Financial Issues,I lost my scholarship and cannot afford this semester,Financial support ke liye advisor ya office se discuss karein
647,RomanUrdu,Neutral,Gender/Role Specific,Childcare ki wajah se classes attend nahi ho pa rahi,Semester freeze request karein childcare ke liye
648,English,Male,Mental Health,Mentally bohat exhausted feel kar raha hoon,Mental health ke liye temporary semester freeze consider karein
649,RomanUrdu,Male,Personal/Family Issues,Family migration ki wajah se semester pause karna hai,Semester freeze allow hoti hai relocation ya migration case me
650,RomanUrdu,Male,Administrative Issues,Teacher change request process clear nahi hai,Advisor se guide lein aur semester pause consider karein
651,RomanUrdu,Female,Financial Issues,Late fee fine lag gaya hai aur arrange nahi ho raha,Late fine waiver ya installment ke liye office se contact karein
652,English,Male,Medical Issues,I had surgery and doctor ne complete rest kaha hai,Doctor certificate ke saath semester freeze le sakte hain
653,English,Neutral,Gender/Role Specific,Male breadwinner responsibility hai is liye break chahiye,Semester freeze le kar aap family support kar sakte hain
654,English,Female,Academic Issues,I dropped many courses and now I am confused what to enroll next,Academic advisor se consult karein aur proper enrollment plan banayein
655,Mixed,Female,Gender/Role Specific,Male breadwinner responsibility hai is liye break chahiye. Is liye semester freeze request kar raha/rahi hoon,Semester freeze le kar aap family support kar sakte hain. Advisor ne recommend kiya hai semester freeze lene ke liye
656,RomanUrdu,Female,Personal/Family Issues,Hostel band ho gaya aur transport ka issue hai,Semester pause kar sakte hain jab tak facility arrange na ho
657,RomanUrdu,Female,Personal/Family Issues,Family migration ki wajah se semester pause karna hai,Semester freeze allow hoti hai relocation ya migration case me
658,English,Female,Gender/Role Specific,Family business sambhalna par raha hai temporarily,Semester freeze le kar aap responsibilities manage kar sakte hain
659,Mixed,Male,Local/Other Issues,Power outages aur internet disruption ke wajah se classes miss ho rahi hain. Is liye semester freeze request kar raha/rahi hoon,Semester pause request submit karein taake classes miss na ho. Advisor ne recommend kiya hai semester freeze lene ke liye
660,Mixed,Male,Personal/Family Issues,Hostel band ho gaya aur transport ka issue hai. Is liye semester freeze request kar raha/rahi hoon,Semester pause kar sakte hain jab tak facility arrange na ho. Advisor ne recommend kiya hai semester freeze lene ke liye
661,Mixed,Neutral,Administrative Issues,Semester freeze policy properly samajh nahi aa rahi. Is liye semester freeze request kar raha/rahi hoon,Office se clarify karein aur request submit karein. Advisor ne recommend kiya hai semester freeze lene ke liye
662,English,Female,Personal/Family Issues,Mother bohat sick hain aur unka khayal rakhna hai,Semester freeze request karein taake aap family care kar sakein
663,Mixed,Female,Financial Issues,Abbu ki job chali gayi hai is liye semester freeze chahiye. Is liye semester freeze request kar raha/rahi hoon,Temporary semester freeze allow ki ja sakti hai financial crisis ke liye. Advisor ne recommend kiya hai semester freeze lene ke liye
664,English,Female,Academic Issues,I dropped many courses and now I am confused what to enroll next,Academic advisor se consult karein aur proper enrollment plan banayein
665,RomanUrdu,Neutral,Administrative Issues,Degree extension ka issue hai aur guidance chahiye,Semester freeze ke sath degree extension process initiate karein
666,RomanUrdu,Male,Medical Issues,Recovery after COVID ki wajah se classes miss ho rahi hain,Semester freeze recommended hai taake aap fully recover kar sakein
667,English,Male,Personal/Family Issues,Ghar walay business sambhalne ko keh rahe hain,Temporary semester freeze le kar responsibilities manage karein
668,RomanUrdu,Male,Gender/Role Specific,Father hospital mein hain aur mujhe ghar sambhalna hai,Semester pause allow hoti hai family care ke liye
669,RomanUrdu,Neutral,Financial Issues,Abbu ki job chali gayi hai is liye semester freeze chahiye,Temporary semester freeze allow ki ja sakti hai financial crisis ke liye
670,Mixed,Male,Personal/Family Issues,Family pressure hai ke main degree chor doon. Is liye semester freeze request kar raha/rahi hoon,Advisor se discuss karein aur semester freeze consider karein. Advisor ne recommend kiya hai semester freeze lene ke liye
671,RomanUrdu,Male,Local/Other Issues,Transport strike ke wajah se classes attend nahi ho rahi,Semester freeze request karein jab tak transport restore na ho
672,English,Female,Personal/Family Issues,Family migration ki wajah se semester pause karna hai,Semester freeze allow hoti hai relocation ya migration case me
673,RomanUrdu,Neutral,Local/Other Issues,Lab resource unavailable hai is liye semester freeze request kar raha/rahi hoon,Semester pause consider karein jab tak resources available na ho
674,Mixed,Male,Gender/Role Specific,Family business sambhalna par raha hai temporarily. Is liye semester freeze request kar raha/rahi hoon,Semester freeze le kar aap responsibilities manage kar sakte hain. Advisor ne recommend kiya hai semester freeze lene ke liye
675,English,Female,Medical Issues,Major illness ke wajah se semester continue nahi kar sakta,Semester freeze allow ki ja sakti hai illness ke liye
676,RomanUrdu,Female,Mental Health,Stress ki wajah se exams par focus nahi ho raha,Semester freeze allow hoti hai stress aur burnout ke cases me
677,Mixed,Neutral,Administrative Issues,Teacher change request process clear nahi hai. Is liye semester freeze request kar raha/rahi hoon,Advisor se guide lein aur semester pause consider karein. Advisor ne recommend kiya hai semester freeze lene ke liye
678,English,Male,Gender/Role Specific,Father hospital mein hain aur mujhe ghar sambhalna hai,Semester pause allow hoti hai family care ke liye
679,RomanUrdu,Neutral,Medical Issues,Medical condition ki wajah se campus ana possible nahi,Semester freeze submit karen taake aap recovery pe focus karein
680,RomanUrdu,Male,Financial Issues,My fee is unpaid and family income suddenly stopped,Aapko fee installment request submit karni chahiye ya temporary semester freeze le sakte hain
681,Mixed,Neutral,Mental Health,Severe burnout ho gaya hai aur focus nahi ban raha. Is liye semester freeze request kar raha/rahi hoon,Semester pause karna aapke liye beneficial hoga. Advisor ne recommend kiya hai semester freeze lene ke liye
682,RomanUrdu,Female,Administrative Issues,Mujhe 4pm ke baad class attend karna possible nahi,Semester freeze allow ki ja sakti hai timing issues me
683,Mixed,Male,Local/Other Issues,Protests aur political unrest ki wajah se campus nahi ja sakta. Is liye semester freeze request kar raha/rahi hoon,Temporary semester freeze consider karein. Advisor ne recommend kiya hai semester freeze lene ke liye
684,RomanUrdu,Male,Financial Issues,I lost my scholarship and cannot afford this semester,Financial support ke liye advisor ya office se discuss karein
685,Mixed,Male,Administrative Issues,Mujhe 4pm ke baad class attend karna possible nahi. Is liye semester freeze request kar raha/rahi hoon,Semester freeze allow ki ja sakti hai timing issues me. Advisor ne recommend kiya hai semester freeze lene ke liye
686,English,Neutral,Academic Issues,DSA is too hard for me and I need a break to improve basics,Semester freeze recommend kiya jata hai taake aap basics strong kar sakein
687,English,Neutral,Administrative Issues,Teacher change request process clear nahi hai,Advisor se guide lein aur semester pause consider karein
688,Mixed,Male,Local/Other Issues,Power outages aur internet disruption ke wajah se classes miss ho rahi hain. Is liye semester freeze request kar raha/rahi hoon,Semester pause request submit karein taake classes miss na ho. Advisor ne recommend kiya hai semester freeze lene ke liye
689,Mixed,Neutral,Personal/Family Issues,Family migration ki wajah se semester pause karna hai. Is liye semester freeze request kar raha/rahi hoon,Semester freeze allow hoti hai relocation ya migration case me. Advisor ne recommend kiya hai semester freeze lene ke liye
690,English,Male,Gender/Role Specific,Male breadwinner responsibility hai is liye break chahiye,Semester freeze le kar aap family support kar sakte hain
691,RomanUrdu,Male,Academic Issues,I failed PF and OOP both and I need time to prepare again,Aap semester freeze le sakte hain aur next semester me core subjects dobara enroll karein
692,English,Neutral,Medical Issues,Accident hua hai aur physiotherapy chal rahi hai,Recovery ke liye semester freeze recommended hai
693,Mixed,Female,Academic Issues,I failed PF and OOP both and I need time to prepare again. Is liye semester freeze request kar raha/rahi hoon,Aap semester freeze le sakte hain aur next semester me core subjects dobara enroll karein. Advisor ne recommend kiya hai semester freeze lene ke liye
694,Mixed,Female,Mental Health,Mentally bohat exhausted feel kar raha hoon. Is liye semester freeze request kar raha/rahi hoon,Mental health ke liye temporary semester freeze consider karein. Advisor ne recommend kiya hai semester freeze lene ke liye
695,Mixed,Female,Financial Issues,Abbu ki job chali gayi hai is liye semester freeze chahiye. Is liye semester freeze request kar raha/rahi hoon,Temporary semester freeze allow ki ja sakti hai financial crisis ke liye. Advisor ne recommend kiya hai semester freeze lene ke liye
696,Mixed,Neutral,Financial Issues,Late fee fine lag gaya hai aur arrange nahi ho raha. Is liye semester freeze request kar raha/rahi hoon,Late fine waiver ya installment ke liye office se contact karein. Advisor ne recommend kiya hai semester freeze lene ke liye
697,Mixed,Female,Local/Other Issues,Lab resource unavailable hai is liye semester freeze request kar raha/rahi hoon. Is liye semester freeze request kar raha/rahi hoon,Semester pause consider karein jab tak resources available na ho. Advisor ne recommend kiya hai semester freeze lene ke liye
698,RomanUrdu,Female,Academic Issues,Basics weak hain is liye advanced courses tough lag rahe hain,Foundation courses complete karne ke baad advance courses enroll karein
699,English,Neutral,Local/Other Issues,Transport strike ke wajah se classes attend nahi ho rahi,Semester freeze request karein jab tak transport restore na ho
700,RomanUrdu,Neutral,Financial Issues,My fee is unpaid and family income suddenly stopped,Aapko fee installment request submit karni chahiye ya temporary semester freeze le sakte hain
701,Mixed,Female,Personal/Family Issues,Family migration ki wajah se semester pause karna hai. Is liye semester freeze request kar raha/rahi hoon,Semester freeze allow hoti hai relocation ya migration case me. Advisor ne recommend kiya hai semester freeze lene ke liye
702,Mixed,Neutral,Personal/Family Issues,Meri shaadi fix ho gayi hai aur relocation ho rahi hai. Is liye semester freeze request kar raha/rahi hoon,Semester freeze allow hoti hai relocation ya marriage ki wajah se. Advisor ne recommend kiya hai semester freeze lene ke liye
703,Mixed,Neutral,Financial Issues,Fees installment allow nahi ki ja rahi hai university policy ke wajah se. Is liye semester freeze request kar raha/rahi hoon,Office se discuss karein aur special request submit karein. Advisor ne recommend kiya hai semester freeze lene ke liye
704,Mixed,Neutral,Medical Issues,Major illness ke wajah se semester continue nahi kar sakta. Is liye semester freeze request kar raha/rahi hoon,Semester freeze allow ki ja sakti hai illness ke liye. Advisor ne recommend kiya hai semester freeze lene ke liye
705,Mixed,Female,Mental Health,Severe burnout ho gaya hai aur focus nahi ban raha. Is liye semester freeze request kar raha/rahi hoon,Semester pause karna aapke liye beneficial hoga. Advisor ne recommend kiya hai semester freeze lene ke liye
706,RomanUrdu,Neutral,Gender/Role Specific,Childcare ki wajah se classes attend nahi ho pa rahi,Semester freeze request karein childcare ke liye
707,RomanUrdu,Female,Personal/Family Issues,Mother bohat sick hain aur unka khayal rakhna hai,Semester freeze request karein taake aap family care kar sakein
708,RomanUrdu,Male,Academic Issues,I failed PF and OOP both and I need time to prepare again,Aap semester freeze le sakte hain aur next semester me core subjects dobara enroll karein
709,English,Neutral,Personal/Family Issues,Hostel band ho gaya aur transport ka issue hai,Semester pause kar sakte hain jab tak facility arrange na ho
710,English,Male,Medical Issues,Major illness ke wajah se semester continue nahi kar sakta,Semester freeze allow ki ja sakti hai illness ke liye
711,English,Female,Academic Issues,DSA is too hard for me and I need a break to improve basics,Semester freeze recommend kiya jata hai taake aap basics strong kar sakein
712,English,Male,Gender/Role Specific,Father hospital mein hain aur mujhe ghar sambhalna hai,Semester pause allow hoti hai family care ke liye
713,English,Male,Local/Other Issues,Competitive coaching ke liye semester pause karna zaroori hai,Semester freeze allow hoti hai professional training ke liye
714,English,Female,Financial Issues,Late fee fine lag gaya hai aur arrange nahi ho raha,Late fine waiver ya installment ke liye office se contact karein
715,English,Female,Mental Health,Anxiety attacks ki wajah se studies disturb ho rahi hain,Semester freeze le kar mental health improve karein
716,English,Neutral,Financial Issues,Main temporary full time job kar raha hoon to support family,Semester freeze le kar aap work aur studies dono manage kar sakte hain
717,Mixed,Male,Administrative Issues,Mujhe 4pm ke baad class attend karna possible nahi. Is liye semester freeze request kar raha/rahi hoon,Semester freeze allow ki ja sakti hai timing issues me. Advisor ne recommend kiya hai semester freeze lene ke liye
718,RomanUrdu,Neutral,Medical Issues,Chronic pain ki wajah se classes attend nahi ho rahi,Medical certificate submit karein aur semester freeze request karein
719,Mixed,Female,Gender/Role Specific,Family business sambhalna par raha hai temporarily. Is liye semester freeze request kar raha/rahi hoon,Semester freeze le kar aap responsibilities manage kar sakte hain. Advisor ne recommend kiya hai semester freeze lene ke liye
720,English,Neutral,Personal/Family Issues,Family migration ki wajah se semester pause karna hai,Semester freeze allow hoti hai relocation ya migration case me
721,Mixed,Neutral,Gender/Role Specific,Safety issues ki wajah se campus travel possible nahi. Is liye semester freeze request kar raha/rahi hoon,Temporary semester freeze request karein safety ke liye. Advisor ne recommend kiya hai semester freeze lene ke liye
722,English,Female,Financial Issues,My fee is unpaid and family income suddenly stopped,Aapko fee installment request submit karni chahiye ya temporary semester freeze le sakte hain
723,RomanUrdu,Neutral,Gender/Role Specific,Family business sambhalna par raha hai temporarily,Semester freeze le kar aap responsibilities manage kar sakte hain
724,RomanUrdu,Female,Local/Other Issues,Competitive coaching ke liye semester pause karna zaroori hai,Semester freeze allow hoti hai professional training ke liye
725,RomanUrdu,Neutral,Local/Other Issues,Lab resource unavailable hai is liye semester freeze request kar raha/rahi hoon,Semester pause consider karein jab tak resources available na ho
726,Mixed,Neutral,Personal/Family Issues,Family migration ki wajah se semester pause karna hai. Is liye semester freeze request kar raha/rahi hoon,Semester freeze allow hoti hai relocation ya migration case me. Advisor ne recommend kiya hai semester freeze lene ke liye
727,Mixed,Female,Medical Issues,I had surgery and doctor ne complete rest kaha hai. Is liye semester freeze request kar raha/rahi hoon,Doctor certificate ke saath semester freeze le sakte hain. Advisor ne recommend kiya hai semester freeze lene ke liye
728,English,Male,Administrative Issues,Teacher change request process clear nahi hai,Advisor se guide lein aur semester pause consider karein
729,English,Male,Academic Issues,I dropped many courses and now I am confused what to enroll next,Academic advisor se consult karein aur proper enrollment plan banayein
730,English,Neutral,Local/Other Issues,Protests aur political unrest ki wajah se campus nahi ja sakta,Temporary semester freeze consider karein
731,RomanUrdu,Male,Medical Issues,Major illness ke wajah se semester continue nahi kar sakta,Semester freeze allow ki ja sakti hai illness ke liye
732,English,Female,Mental Health,Mentally drained hoon aur semester manage nahi kar pa raha,Semester freeze ke dauran rest aur recovery pe focus karein
733,RomanUrdu,Male,Medical Issues,I had surgery and doctor ne complete rest kaha hai,Doctor certificate ke saath semester freeze le sakte hain
734,English,Neutral,Mental Health,Severe burnout ho gaya hai aur focus nahi ban raha,Semester pause karna aapke liye beneficial hoga
735,English,Male,Local/Other Issues,Floods damaged roads and internet is not working,Semester freeze allow ki ja sakti hai disaster situations me
736,English,Female,Academic Issues,"CGPA below average hai, degree complete ho payegi ya nahi samajh nahi aa raha",Semester freeze ke dauran CGPA improve karne ka plan banayein
737,Mixed,Male,Administrative Issues,Timetable clash hai aur meri classes manage nahi ho rahi. Is liye semester freeze request kar raha/rahi hoon,Semester freeze request kar sakte hain jab timetable adjust ho. Advisor ne recommend kiya hai semester freeze lene ke liye
738,English,Female,Medical Issues,Medical condition ki wajah se campus ana possible nahi,Semester freeze submit karen taake aap recovery pe focus karein
739,English,Female,Personal/Family Issues,Ghar walay business sambhalne ko keh rahe hain,Temporary semester freeze le kar responsibilities manage karein
740,Mixed,Male,Gender/Role Specific,Family business sambhalna par raha hai temporarily. Is liye semester freeze request kar raha/rahi hoon,Semester freeze le kar aap responsibilities manage kar sakte hain. Advisor ne recommend kiya hai semester freeze lene ke liye
741,English,Male,Medical Issues,Medical condition ki wajah se campus ana possible nahi,Semester freeze submit karen taake aap recovery pe focus karein
742,Mixed,Female,Financial Issues,My fee is unpaid and family income suddenly stopped. Is liye semester freeze request kar raha/rahi hoon,Aapko fee installment request submit karni chahiye ya temporary semester freeze le sakte hain. Advisor ne recommend kiya hai semester freeze lene ke liye
743,English,Neutral,Personal/Family Issues,Ghar walay business sambhalne ko keh rahe hain,Temporary semester freeze le kar responsibilities manage karein
744,Mixed,Male,Local/Other Issues,Lab resource unavailable hai is liye semester freeze request kar raha/rahi hoon. Is liye semester freeze request kar raha/rahi hoon,Semester pause consider karein jab tak resources available na ho. Advisor ne recommend kiya hai semester freeze lene ke liye
745,English,Female,Medical Issues,Medical condition ki wajah se campus ana possible nahi,Semester freeze submit karen taake aap recovery pe focus karein
746,English,Male,Local/Other Issues,Power outages aur internet disruption ke wajah se classes miss ho rahi hain,Semester pause request submit karein taake classes miss na ho
747,Mixed,Female,Mental Health,Anxiety attacks ki wajah se studies disturb ho rahi hain. Is liye semester freeze request kar raha/rahi hoon,Semester freeze le kar mental health improve karein. Advisor ne recommend kiya hai semester freeze lene ke liye
748,English,Neutral,Financial Issues,I lost my scholarship and cannot afford this semester,Financial support ke liye advisor ya office se discuss karein
749,RomanUrdu,Male,Personal/Family Issues,Mother bohat sick hain aur unka khayal rakhna hai,Semester freeze request karein taake aap family care kar sakein
750,Mixed,Male,Financial Issues,My fee is unpaid and family income suddenly stopped. Is liye semester freeze request kar raha/rahi hoon,Aapko fee installment request submit karni chahiye ya temporary semester freeze le sakte hain. Advisor ne recommend kiya hai semester freeze lene ke liye
751,RomanUrdu,Male,Academic Issues,I dropped many courses and now I am confused what to enroll next,Academic advisor se consult karein aur proper enrollment plan banayein
752,English,Neutral,Local/Other Issues,Lab resource unavailable hai is liye semester freeze request kar raha/rahi hoon,Semester pause consider karein jab tak resources available na ho
753,RomanUrdu,Female,Gender/Role Specific,Family business sambhalna par raha hai temporarily,Semester freeze le kar aap responsibilities manage kar sakte hain
754,Mixed,Male,Medical Issues,Medical condition ki wajah se campus ana possible nahi. Is liye semester freeze request kar raha/rahi hoon,Semester freeze submit karen taake aap recovery pe focus karein. Advisor ne recommend kiya hai semester freeze lene ke liye
755,English,Female,Academic Issues,I dropped many courses and now I am confused what to enroll next,Academic advisor se consult karein aur proper enrollment plan banayein
756,Mixed,Male,Financial Issues,Fees installment allow nahi ki ja rahi hai university policy ke wajah se. Is liye semester freeze request kar raha/rahi hoon,Office se discuss karein aur special request submit karein. Advisor ne recommend kiya hai semester freeze lene ke liye
757,Mixed,Female,Financial Issues,My fee is unpaid and family income suddenly stopped. Is liye semester freeze request kar raha/rahi hoon,Aapko fee installment request submit karni chahiye ya temporary semester freeze le sakte hain. Advisor ne recommend kiya hai semester freeze lene ke liye
758,Mixed,Male,Medical Issues,I had surgery and doctor ne complete rest kaha hai. Is liye semester freeze request kar raha/rahi hoon,Doctor certificate ke saath semester freeze le sakte hain. Advisor ne recommend kiya hai semester freeze lene ke liye
759,English,Female,Gender/Role Specific,Male breadwinner responsibility hai is liye break chahiye,Semester freeze le kar aap family support kar sakte hain
760,English,Neutral,Academic Issues,Credit hours overload ho gaye hain aur handle nahi ho raha,Semester freeze le kar workload manage karein
761,English,Male,Financial Issues,My fee is unpaid and family income suddenly stopped,Aapko fee installment request submit karni chahiye ya temporary semester freeze le sakte hain
762,Mixed,Male,Local/Other Issues,Competitive coaching ke liye semester pause karna zaroori hai. Is liye semester freeze request kar raha/rahi hoon,Semester freeze allow hoti hai professional training ke liye. Advisor ne recommend kiya hai semester freeze lene ke liye
763,English,Female,Gender/Role Specific,Safety issues ki wajah se campus travel possible nahi,Temporary semester freeze request karein safety ke liye
764,RomanUrdu,Male,Gender/Role Specific,Childcare ki wajah se classes attend nahi ho pa rahi,Semester freeze request karein childcare ke liye
765,Mixed,Neutral,Financial Issues,My fee is unpaid and family income suddenly stopped. Is liye semester freeze request kar raha/rahi hoon,Aapko fee installment request submit karni chahiye ya temporary semester freeze le sakte hain. Advisor ne recommend kiya hai semester freeze lene ke liye
766,RomanUrdu,Male,Personal/Family Issues,Mother bohat sick hain aur unka khayal rakhna hai,Semester freeze request karein taake aap family care kar sakein
767,Mixed,Female,Mental Health,Severe burnout ho gaya hai aur focus nahi ban raha. Is liye semester freeze request kar raha/rahi hoon,Semester pause karna aapke liye beneficial hoga. Advisor ne recommend kiya hai semester freeze lene ke liye
768,Mixed,Neutral,Financial Issues,My fee is unpaid and family income suddenly stopped. Is liye semester freeze request kar raha/rahi hoon,Aapko fee installment request submit karni chahiye ya temporary semester freeze le sakte hain. Advisor ne recommend kiya hai semester freeze lene ke liye
769,Mixed,Neutral,Personal/Family Issues,Family pressure hai ke main degree chor doon. Is liye semester freeze request kar raha/rahi hoon,Advisor se discuss karein aur semester freeze consider karein. Advisor ne recommend kiya hai semester freeze lene ke liye
770,English,Neutral,Academic Issues,Basics weak hain is liye advanced courses tough lag rahe hain,Foundation courses complete karne ke baad advance courses enroll karein
771,Mixed,Neutral,Academic Issues,I failed PF and OOP both and I need time to prepare again. Is liye semester freeze request kar raha/rahi hoon,Aap semester freeze le sakte hain aur next semester me core subjects dobara enroll karein. Advisor ne recommend kiya hai semester freeze lene ke liye
772,Mixed,Neutral,Financial Issues,Fees installment allow nahi ki ja rahi hai university policy ke wajah se. Is liye semester freeze request kar raha/rahi hoon,Office se discuss karein aur special request submit karein. Advisor ne recommend kiya hai semester freeze lene ke liye
773,RomanUrdu,Neutral,Personal/Family Issues,Family pressure hai ke main degree chor doon,Advisor se discuss karein aur semester freeze consider karein
774,RomanUrdu,Male,Medical Issues,Major illness ke wajah se semester continue nahi kar sakta,Semester freeze allow ki ja sakti hai illness ke liye
775,Mixed,Neutral,Personal/Family Issues,Family pressure hai ke main degree chor doon. Is liye semester freeze request kar raha/rahi hoon,Advisor se discuss karein aur semester freeze consider karein. Advisor ne recommend kiya hai semester freeze lene ke liye
776,English,Female,Administrative Issues,Teacher change request process clear nahi hai,Advisor se guide lein aur semester pause consider karein
777,Mixed,Male,Financial Issues,Late fee fine lag gaya hai aur arrange nahi ho raha. Is liye semester freeze request kar raha/rahi hoon,Late fine waiver ya installment ke liye office se contact karein. Advisor ne recommend kiya hai semester freeze lene ke liye
778,RomanUrdu,Female,Mental Health,Mentally drained hoon aur semester manage nahi kar pa raha,Semester freeze ke dauran rest aur recovery pe focus karein
779,Mixed,Neutral,Local/Other Issues,Transport strike ke wajah se classes attend nahi ho rahi. Is liye semester freeze request kar raha/rahi hoon,Semester freeze request karein jab tak transport restore na ho. Advisor ne recommend kiya hai semester freeze lene ke liye
780,Mixed,Male,Medical Issues,Accident hua hai aur physiotherapy chal rahi hai. Is liye semester freeze request kar raha/rahi hoon,Recovery ke liye semester freeze recommended hai. Advisor ne recommend kiya hai semester freeze lene ke liye
781,RomanUrdu,Neutral,Medical Issues,Chronic pain ki wajah se classes attend nahi ho rahi,Medical certificate submit karein aur semester freeze request karein
782,RomanUrdu,Neutral,Local/Other Issues,Competitive coaching ke liye semester pause karna zaroori hai,Semester freeze allow hoti hai professional training ke liye
783,RomanUrdu,Female,Medical Issues,Medical condition ki wajah se campus ana possible nahi,Semester freeze submit karen taake aap recovery pe focus karein
784,RomanUrdu,Neutral,Financial Issues,I lost my scholarship and cannot afford this semester,Financial support ke liye advisor ya office se discuss karein
785,English,Neutral,Local/Other Issues,Floods damaged roads and internet is not working,Semester freeze allow ki ja sakti hai disaster situations me
786,Mixed,Male,Administrative Issues,Timetable clash hai aur meri classes manage nahi ho rahi. Is liye semester freeze request kar raha/rahi hoon,Semester freeze request kar sakte hain jab timetable adjust ho. Advisor ne recommend kiya hai semester freeze lene ke liye
787,RomanUrdu,Female,Academic Issues,Basics weak hain is liye advanced courses tough lag rahe hain,Foundation courses complete karne ke baad advance courses enroll karein
788,Mixed,Male,Personal/Family Issues,Family pressure hai ke main degree chor doon. Is liye semester freeze request kar raha/rahi hoon,Advisor se discuss karein aur semester freeze consider karein. Advisor ne recommend kiya hai semester freeze lene ke liye
789,English,Female,Academic Issues,I dropped many courses and now I am confused what to enroll next,Academic advisor se consult karein aur proper enrollment plan banayein
790,RomanUrdu,Female,Local/Other Issues,Competitive coaching ke liye semester pause karna zaroori hai,Semester freeze allow hoti hai professional training ke liye
791,Mixed,Male,Academic Issues,I dropped many courses and now I am confused what to enroll next. Is liye semester freeze request kar raha/rahi hoon,Academic advisor se consult karein aur proper enrollment plan banayein. Advisor ne recommend kiya hai semester freeze lene ke liye
792,RomanUrdu,Female,Administrative Issues,Timetable clash hai aur meri classes manage nahi ho rahi,Semester freeze request kar sakte hain jab timetable adjust ho
793,English,Male,Mental Health,Mentally bohat exhausted feel kar raha hoon,Mental health ke liye temporary semester freeze consider karein
794,RomanUrdu,Female,Local/Other Issues,Transport strike ke wajah se classes attend nahi ho rahi,Semester freeze request karein jab tak transport restore na ho
795,English,Female,Financial Issues,I lost my scholarship and cannot afford this semester,Financial support ke liye advisor ya office se discuss karein
796,Mixed,Female,Mental Health,Severe burnout ho gaya hai aur focus nahi ban raha. Is liye semester freeze request kar raha/rahi hoon,Semester pause karna aapke liye beneficial hoga. Advisor ne recommend kiya hai semester freeze lene ke liye
797,RomanUrdu,Neutral,Academic Issues,I dropped many courses and now I am confused what to enroll next,Academic advisor se consult karein aur proper enrollment plan banayein
798,Mixed,Neutral,Mental Health,Severe burnout ho gaya hai aur focus nahi ban raha. Is liye semester freeze request kar raha/rahi hoon,Semester pause karna aapke liye beneficial hoga. Advisor ne recommend kiya hai semester freeze lene ke liye
799,RomanUrdu,Female,Local/Other Issues,Protests aur political unrest ki wajah se campus nahi ja sakta,Temporary semester freeze consider karein
800,RomanUrdu,Neutral,Financial Issues,Abbu ki job chali gayi hai is liye semester freeze chahiye,Temporary semester freeze allow ki ja sakti hai financial crisis ke liye
801,RomanUrdu,Female,Mental Health,Mentally bohat exhausted feel kar raha hoon,Mental health ke liye temporary semester freeze consider karein
802,RomanUrdu,Neutral,Mental Health,Mentally bohat exhausted feel kar raha hoon,Mental health ke liye temporary semester freeze consider karein
803,Mixed,Female,Gender/Role Specific,Male breadwinner responsibility hai is liye break chahiye. Is liye semester freeze request kar raha/rahi hoon,Semester freeze le kar aap family support kar sakte hain. Advisor ne recommend kiya hai semester freeze lene ke liye
804,Mixed,Female,Local/Other Issues,Competitive coaching ke liye semester pause karna zaroori hai. Is liye semester freeze request kar raha/rahi hoon,Semester freeze allow hoti hai professional training ke liye. Advisor ne recommend kiya hai semester freeze lene ke liye
805,English,Neutral,Medical Issues,Accident hua hai aur physiotherapy chal rahi hai,Recovery ke liye semester freeze recommended hai
806,Mixed,Neutral,Personal/Family Issues,Family pressure hai ke main degree chor doon. Is liye semester freeze request kar raha/rahi hoon,Advisor se discuss karein aur semester freeze consider karein. Advisor ne recommend kiya hai semester freeze lene ke liye
807,RomanUrdu,Female,Administrative Issues,Mujhe 4pm ke baad class attend karna possible nahi,Semester freeze allow ki ja sakti hai timing issues me
808,Mixed,Neutral,Mental Health,Anxiety attacks ki wajah se studies disturb ho rahi hain. Is liye semester freeze request kar raha/rahi hoon,Semester freeze le kar mental health improve karein. Advisor ne recommend kiya hai semester freeze lene ke liye
809,English,Neutral,Financial Issues,Fees installment allow nahi ki ja rahi hai university policy ke wajah se,Office se discuss karein aur special request submit karein
810,English,Female,Mental Health,Stress ki wajah se exams par focus nahi ho raha,Semester freeze allow hoti hai stress aur burnout ke cases me
811,English,Neutral,Gender/Role Specific,Male breadwinner responsibility hai is liye break chahiye,Semester freeze le kar aap family support kar sakte hain
812,English,Female,Administrative Issues,"Lab aur lecture same time hai, attend nahi kar pa raha",Semester freeze consider karein jab tak schedule fix na ho
813,RomanUrdu,Neutral,Mental Health,Stress ki wajah se exams par focus nahi ho raha,Semester freeze allow hoti hai stress aur burnout ke cases me
814,Mixed,Female,Medical Issues,I had surgery and doctor ne complete rest kaha hai. Is liye semester freeze request kar raha/rahi hoon,Doctor certificate ke saath semester freeze le sakte hain. Advisor ne recommend kiya hai semester freeze lene ke liye
815,English,Neutral,Financial Issues,Abbu ki job chali gayi hai is liye semester freeze chahiye,Temporary semester freeze allow ki ja sakti hai financial crisis ke liye
816,Mixed,Neutral,Medical Issues,Accident hua hai aur physiotherapy chal rahi hai. Is liye semester freeze request kar raha/rahi hoon,Recovery ke liye semester freeze recommended hai. Advisor ne recommend kiya hai semester freeze lene ke liye
817,English,Female,Medical Issues,Chronic pain ki wajah se classes attend nahi ho rahi,Medical certificate submit karein aur semester freeze request karein
818,Mixed,Neutral,Medical Issues,Recovery after COVID ki wajah se classes miss ho rahi hain. Is liye semester freeze request kar raha/rahi hoon,Semester freeze recommended hai taake aap fully recover kar sakein. Advisor ne recommend kiya hai semester freeze lene ke liye
819,Mixed,Male,Gender/Role Specific,Family business sambhalna par raha hai temporarily. Is liye semester freeze request kar raha/rahi hoon,Semester freeze le kar aap responsibilities manage kar sakte hain. Advisor ne recommend kiya hai semester freeze lene ke liye
820,RomanUrdu,Male,Local/Other Issues,Lab resource unavailable hai is liye semester freeze request kar raha/rahi hoon,Semester pause consider karein jab tak resources available na ho
821,English,Female,Academic Issues,"CGPA below average hai, degree complete ho payegi ya nahi samajh nahi aa raha",Semester freeze ke dauran CGPA improve karne ka plan banayein
822,RomanUrdu,Female,Gender/Role Specific,Pregnancy ki wajah se semester continue nahi kar sakti,Semester freeze allow hoti hai maternity reasons me
823,Mixed,Female,Financial Issues,I lost my scholarship and cannot afford this semester. Is liye semester freeze request kar raha/rahi hoon,Financial support ke liye advisor ya office se discuss karein. Advisor ne recommend kiya hai semester freeze lene ke liye
824,RomanUrdu,Female,Academic Issues,Basics weak hain is liye advanced courses tough lag rahe hain,Foundation courses complete karne ke baad advance courses enroll karein
825,RomanUrdu,Male,Personal/Family Issues,Family pressure hai ke main degree chor doon,Advisor se discuss karein aur semester freeze consider karein
826,English,Female,Administrative Issues,Teacher change request process clear nahi hai,Advisor se guide lein aur semester pause consider karein
827,Mixed,Male,Academic Issues,DSA is too hard for me and I need a break to improve basics. Is liye semester freeze request kar raha/rahi hoon,Semester freeze recommend kiya jata hai taake aap basics strong kar sakein. Advisor ne recommend kiya hai semester freeze lene ke liye
828,Mixed,Neutral,Medical Issues,Major illness ke wajah se semester continue nahi kar sakta. Is liye semester freeze request kar raha/rahi hoon,Semester freeze allow ki ja sakti hai illness ke liye. Advisor ne recommend kiya hai semester freeze lene ke liye
829,Mixed,Female,Personal/Family Issues,Ghar walay business sambhalne ko keh rahe hain. Is liye semester freeze request kar raha/rahi hoon,Temporary semester freeze le kar responsibilities manage karein. Advisor ne recommend kiya hai semester freeze lene ke liye
830,RomanUrdu,Male,Medical Issues,Recovery after COVID ki wajah se classes miss ho rahi hain,Semester freeze recommended hai taake aap fully recover kar sakein
831,English,Male,Personal/Family Issues,Mother bohat sick hain aur unka khayal rakhna hai,Semester freeze request karein taake aap family care kar sakein
832,English,Female,Local/Other Issues,Floods damaged roads and internet is not working,Semester freeze allow ki ja sakti hai disaster situations me
833,English,Male,Mental Health,Mentally drained hoon aur semester manage nahi kar pa raha,Semester freeze ke dauran rest aur recovery pe focus karein
834,RomanUrdu,Neutral,Gender/Role Specific,Father hospital mein hain aur mujhe ghar sambhalna hai,Semester pause allow hoti hai family care ke liye
835,RomanUrdu,Female,Mental Health,Depression ki wajah se classes miss ho rahi hain,Advisor ke saath discuss karein aur semester freeze lein
836,English,Female,Financial Issues,Abbu ki job chali gayi hai is liye semester freeze chahiye,Temporary semester freeze allow ki ja sakti hai financial crisis ke liye
837,Mixed,Male,Administrative Issues,"Lab aur lecture same time hai, attend nahi kar pa raha. Is liye semester freeze request kar raha/rahi hoon",Semester freeze consider karein jab tak schedule fix na ho. Advisor ne recommend kiya hai semester freeze lene ke liye
838,Mixed,Male,Medical Issues,Accident hua hai aur physiotherapy chal rahi hai. Is liye semester freeze request kar raha/rahi hoon,Recovery ke liye semester freeze recommended hai. Advisor ne recommend kiya hai semester freeze lene ke liye
839,Mixed,Male,Gender/Role Specific,Pregnancy ki wajah se semester continue nahi kar sakti. Is liye semester freeze request kar raha/rahi hoon,Semester freeze allow hoti hai maternity reasons me. Advisor ne recommend kiya hai semester freeze lene ke liye
840,Mixed,Male,Medical Issues,Recovery after COVID ki wajah se classes miss ho rahi hain. Is liye semester freeze request kar raha/rahi hoon,Semester freeze recommended hai taake aap fully recover kar sakein. Advisor ne recommend kiya hai semester freeze lene ke liye
841,English,Male,Local/Other Issues,Floods damaged roads and internet is not working,Semester freeze allow ki ja sakti hai disaster situations me
842,English,Neutral,Local/Other Issues,Floods damaged roads and internet is not working,Semester freeze allow ki ja sakti hai disaster situations me
843,Mixed,Male,Administrative Issues,Semester freeze policy properly samajh nahi aa rahi. Is liye semester freeze request kar raha/rahi hoon,Office se clarify karein aur request submit karein. Advisor ne recommend kiya hai semester freeze lene ke liye
844,RomanUrdu,Male,Gender/Role Specific,Safety issues ki wajah se campus travel possible nahi,Temporary semester freeze request karein safety ke liye
845,Mixed,Neutral,Gender/Role Specific,Male breadwinner responsibility hai is liye break chahiye. Is liye semester freeze request kar raha/rahi hoon,Semester freeze le kar aap family support kar sakte hain. Advisor ne recommend kiya hai semester freeze lene ke liye
846,English,Female,Academic Issues,Credit hours overload ho gaye hain aur handle nahi ho raha,Semester freeze le kar workload manage karein
847,RomanUrdu,Neutral,Gender/Role Specific,Safety issues ki wajah se campus travel possible nahi,Temporary semester freeze request karein safety ke liye
848,English,Male,Personal/Family Issues,Mother bohat sick hain aur unka khayal rakhna hai,Semester freeze request karein taake aap family care kar sakein
849,English,Male,Financial Issues,I lost my scholarship and cannot afford this semester,Financial support ke liye advisor ya office se discuss karein
850,English,Male,Financial Issues,Abbu ki job chali gayi hai is liye semester freeze chahiye,Temporary semester freeze allow ki ja sakti hai financial crisis ke liye
851,RomanUrdu,Female,Administrative Issues,Mujhe 4pm ke baad class attend karna possible nahi,Semester freeze allow ki ja sakti hai timing issues me
852,English,Male,Academic Issues,"CGPA below average hai, degree complete ho payegi ya nahi samajh nahi aa raha",Semester freeze ke dauran CGPA improve karne ka plan banayein
853,English,Neutral,Gender/Role Specific,Safety issues ki wajah se campus travel possible nahi,Temporary semester freeze request karein safety ke liye
854,RomanUrdu,Neutral,Academic Issues,I failed PF and OOP both and I need time to prepare again,Aap semester freeze le sakte hain aur next semester me core subjects dobara enroll karein
855,English,Female,Administrative Issues,Mujhe 4pm ke baad class attend karna possible nahi,Semester freeze allow ki ja sakti hai timing issues me
856,RomanUrdu,Neutral,Gender/Role Specific,Father hospital mein hain aur mujhe ghar sambhalna hai,Semester pause allow hoti hai family care ke liye
857,English,Male,Academic Issues,Basics weak hain is liye advanced courses tough lag rahe hain,Foundation courses complete karne ke baad advance courses enroll karein
858,RomanUrdu,Male,Mental Health,Stress ki wajah se exams par focus nahi ho raha,Semester freeze allow hoti hai stress aur burnout ke cases me
859,English,Female,Financial Issues,Fees installment allow nahi ki ja rahi hai university policy ke wajah se,Office se discuss karein aur special request submit karein
860,Mixed,Male,Administrative Issues,Teacher change request process clear nahi hai. Is liye semester freeze request kar raha/rahi hoon,Advisor se guide lein aur semester pause consider karein. Advisor ne recommend kiya hai semester freeze lene ke liye
861,RomanUrdu,Neutral,Administrative Issues,Timetable clash hai aur meri classes manage nahi ho rahi,Semester freeze request kar sakte hain jab timetable adjust ho
862,Mixed,Female,Medical Issues,Recovery after COVID ki wajah se classes miss ho rahi hain. Is liye semester freeze request kar raha/rahi hoon,Semester freeze recommended hai taake aap fully recover kar sakein. Advisor ne recommend kiya hai semester freeze lene ke liye
863,RomanUrdu,Male,Financial Issues,Late fee fine lag gaya hai aur arrange nahi ho raha,Late fine waiver ya installment ke liye office se contact karein
864,Mixed,Neutral,Academic Issues,Credit hours overload ho gaye hain aur handle nahi ho raha. Is liye semester freeze request kar raha/rahi hoon,Semester freeze le kar workload manage karein. Advisor ne recommend kiya hai semester freeze lene ke liye
865,Mixed,Neutral,Financial Issues,Main temporary full time job kar raha hoon to support family. Is liye semester freeze request kar raha/rahi hoon,Semester freeze le kar aap work aur studies dono manage kar sakte hain. Advisor ne recommend kiya hai semester freeze lene ke liye
866,RomanUrdu,Female,Gender/Role Specific,Family business sambhalna par raha hai temporarily,Semester freeze le kar aap responsibilities manage kar sakte hain
867,Mixed,Female,Gender/Role Specific,Male breadwinner responsibility hai is liye break chahiye. Is liye semester freeze request kar raha/rahi hoon,Semester freeze le kar aap family support kar sakte hain. Advisor ne recommend kiya hai semester freeze lene ke liye
868,English,Female,Local/Other Issues,Transport strike ke wajah se classes attend nahi ho rahi,Semester freeze request karein jab tak transport restore na ho
869,RomanUrdu,Male,Gender/Role Specific,Pregnancy ki wajah se semester continue nahi kar sakti,Semester freeze allow hoti hai maternity reasons me
870,RomanUrdu,Neutral,Gender/Role Specific,Father hospital mein hain aur mujhe ghar sambhalna hai,Semester pause allow hoti hai family care ke liye
871,RomanUrdu,Male,Medical Issues,Major illness ke wajah se semester continue nahi kar sakta,Semester freeze allow ki ja sakti hai illness ke liye
872,Mixed,Male,Personal/Family Issues,Ghar walay business sambhalne ko keh rahe hain. Is liye semester freeze request kar raha/rahi hoon,Temporary semester freeze le kar responsibilities manage karein. Advisor ne recommend kiya hai semester freeze lene ke liye
873,Mixed,Female,Academic Issues,I dropped many courses and now I am confused what to enroll next. Is liye semester freeze request kar raha/rahi hoon,Academic advisor se consult karein aur proper enrollment plan banayein. Advisor ne recommend kiya hai semester freeze lene ke liye
874,English,Female,Local/Other Issues,Lab resource unavailable hai is liye semester freeze request kar raha/rahi hoon,Semester pause consider karein jab tak resources available na ho
875,Mixed,Neutral,Medical Issues,I had surgery and doctor ne complete rest kaha hai. Is liye semester freeze request kar raha/rahi hoon,Doctor certificate ke saath semester freeze le sakte hain. Advisor ne recommend kiya hai semester freeze lene ke liye
876,English,Male,Local/Other Issues,Protests aur political unrest ki wajah se campus nahi ja sakta,Temporary semester freeze consider karein
877,Mixed,Male,Personal/Family Issues,Family migration ki wajah se semester pause karna hai. Is liye semester freeze request kar raha/rahi hoon,Semester freeze allow hoti hai relocation ya migration case me. Advisor ne recommend kiya hai semester freeze lene ke liye
878,RomanUrdu,Neutral,Mental Health,Depression ki wajah se classes miss ho rahi hain,Advisor ke saath discuss karein aur semester freeze lein
879,Mixed,Male,Gender/Role Specific,Male breadwinner responsibility hai is liye break chahiye. Is liye semester freeze request kar raha/rahi hoon,Semester freeze le kar aap family support kar sakte hain. Advisor ne recommend kiya hai semester freeze lene ke liye
880,RomanUrdu,Female,Academic Issues,I failed PF and OOP both and I need time to prepare again,Aap semester freeze le sakte hain aur next semester me core subjects dobara enroll karein
881,RomanUrdu,Neutral,Medical Issues,Chronic pain ki wajah se classes attend nahi ho rahi,Medical certificate submit karein aur semester freeze request karein
882,English,Neutral,Gender/Role Specific,Childcare ki wajah se classes attend nahi ho pa rahi,Semester freeze request karein childcare ke liye
883,RomanUrdu,Neutral,Financial Issues,Abbu ki job chali gayi hai is liye semester freeze chahiye,Temporary semester freeze allow ki ja sakti hai financial crisis ke liye
884,Mixed,Neutral,Financial Issues,My fee is unpaid and family income suddenly stopped. Is liye semester freeze request kar raha/rahi hoon,Aapko fee installment request submit karni chahiye ya temporary semester freeze le sakte hain. Advisor ne recommend kiya hai semester freeze lene ke liye
885,Mixed,Male,Academic Issues,Basics weak hain is liye advanced courses tough lag rahe hain. Is liye semester freeze request kar raha/rahi hoon,Foundation courses complete karne ke baad advance courses enroll karein. Advisor ne recommend kiya hai semester freeze lene ke liye
886,RomanUrdu,Male,Administrative Issues,Timetable clash hai aur meri classes manage nahi ho rahi,Semester freeze request kar sakte hain jab timetable adjust ho
887,English,Female,Medical Issues,Recovery after COVID ki wajah se classes miss ho rahi hain,Semester freeze recommended hai taake aap fully recover kar sakein
888,English,Female,Local/Other Issues,Competitive coaching ke liye semester pause karna zaroori hai,Semester freeze allow hoti hai professional training ke liye
889,RomanUrdu,Female,Financial Issues,Abbu ki job chali gayi hai is liye semester freeze chahiye,Temporary semester freeze allow ki ja sakti hai financial crisis ke liye
890,RomanUrdu,Female,Financial Issues,I lost my scholarship and cannot afford this semester,Financial support ke liye advisor ya office se discuss karein
891,English,Male,Local/Other Issues,Lab resource unavailable hai is liye semester freeze request kar raha/rahi hoon,Semester pause consider karein jab tak resources available na ho
892,RomanUrdu,Female,Gender/Role Specific,Pregnancy ki wajah se semester continue nahi kar sakti,Semester freeze allow hoti hai maternity reasons me
893,RomanUrdu,Male,Mental Health,Stress ki wajah se exams par focus nahi ho raha,Semester freeze allow hoti hai stress aur burnout ke cases me
894,Mixed,Female,Personal/Family Issues,Meri shaadi fix ho gayi hai aur relocation ho rahi hai. Is liye semester freeze request kar raha/rahi hoon,Semester freeze allow hoti hai relocation ya marriage ki wajah se. Advisor ne recommend kiya hai semester freeze lene ke liye
895,Mixed,Female,Gender/Role Specific,Male breadwinner responsibility hai is liye break chahiye. Is liye semester freeze request kar raha/rahi hoon,Semester freeze le kar aap family support kar sakte hain. Advisor ne recommend kiya hai semester freeze lene ke liye
896,English,Female,Academic Issues,Basics weak hain is liye advanced courses tough lag rahe hain,Foundation courses complete karne ke baad advance courses enroll karein
897,Mixed,Female,Academic Issues,I failed PF and OOP both and I need time to prepare again. Is liye semester freeze request kar raha/rahi hoon,Aap semester freeze le sakte hain aur next semester me core subjects dobara enroll karein. Advisor ne recommend kiya hai semester freeze lene ke liye
898,Mixed,Female,Financial Issues,I lost my scholarship and cannot afford this semester. Is liye semester freeze request kar raha/rahi hoon,Financial support ke liye advisor ya office se discuss karein. Advisor ne recommend kiya hai semester freeze lene ke liye
899,RomanUrdu,Neutral,Medical Issues,Major illness ke wajah se semester continue nahi kar sakta,Semester freeze allow ki ja sakti hai illness ke liye
900,English,Female,Gender/Role Specific,Male breadwinner responsibility hai is liye break chahiye,Semester freeze le kar aap family support kar sakte hain
901,English,Female,Gender/Role Specific,Male breadwinner responsibility hai is liye break chahiye,Semester freeze le kar aap family support kar sakte hain
902,RomanUrdu,Female,Mental Health,Anxiety attacks ki wajah se studies disturb ho rahi hain,Semester freeze le kar mental health improve karein
903,English,Female,Local/Other Issues,Floods damaged roads and internet is not working,Semester freeze allow ki ja sakti hai disaster situations me
904,Mixed,Male,Local/Other Issues,Power outages aur internet disruption ke wajah se classes miss ho rahi hain. Is liye semester freeze request kar raha/rahi hoon,Semester pause request submit karein taake classes miss na ho. Advisor ne recommend kiya hai semester freeze lene ke liye
905,English,Male,Personal/Family Issues,Family pressure hai ke main degree chor doon,Advisor se discuss karein aur semester freeze consider karein
906,RomanUrdu,Female,Academic Issues,DSA is too hard for me and I need a break to improve basics,Semester freeze recommend kiya jata hai taake aap basics strong kar sakein
907,English,Neutral,Local/Other Issues,Lab resource unavailable hai is liye semester freeze request kar raha/rahi hoon,Semester pause consider karein jab tak resources available na ho
908,English,Female,Personal/Family Issues,Ghar walay business sambhalne ko keh rahe hain,Temporary semester freeze le kar responsibilities manage karein
909,Mixed,Female,Gender/Role Specific,Father hospital mein hain aur mujhe ghar sambhalna hai. Is liye semester freeze request kar raha/rahi hoon,Semester pause allow hoti hai family care ke liye. Advisor ne recommend kiya hai semester freeze lene ke liye
910,Mixed,Male,Academic Issues,I dropped many courses and now I am confused what to enroll next. Is liye semester freeze request kar raha/rahi hoon,Academic advisor se consult karein aur proper enrollment plan banayein. Advisor ne recommend kiya hai semester freeze lene ke liye
911,English,Neutral,Mental Health,Mentally bohat exhausted feel kar raha hoon,Mental health ke liye temporary semester freeze consider karein
912,English,Male,Administrative Issues,Semester freeze policy properly samajh nahi aa rahi,Office se clarify karein aur request submit karein
913,Mixed,Male,Personal/Family Issues,Ghar walay business sambhalne ko keh rahe hain. Is liye semester freeze request kar raha/rahi hoon,Temporary semester freeze le kar responsibilities manage karein. Advisor ne recommend kiya hai semester freeze lene ke liye
914,English,Male,Mental Health,Stress ki wajah se exams par focus nahi ho raha,Semester freeze allow hoti hai stress aur burnout ke cases me
915,English,Female,Financial Issues,Abbu ki job chali gayi hai is liye semester freeze chahiye,Temporary semester freeze allow ki ja sakti hai financial crisis ke liye
916,English,Neutral,Financial Issues,My fee is unpaid and family income suddenly stopped,Aapko fee installment request submit karni chahiye ya temporary semester freeze le sakte hain
917,RomanUrdu,Male,Gender/Role Specific,Father hospital mein hain aur mujhe ghar sambhalna hai,Semester pause allow hoti hai family care ke liye
918,Mixed,Neutral,Personal/Family Issues,Family pressure hai ke main degree chor doon. Is liye semester freeze request kar raha/rahi hoon,Advisor se discuss karein aur semester freeze consider karein. Advisor ne recommend kiya hai semester freeze lene ke liye
919,English,Male,Personal/Family Issues,Mother bohat sick hain aur unka khayal rakhna hai,Semester freeze request karein taake aap family care kar sakein
920,English,Male,Medical Issues,Medical condition ki wajah se campus ana possible nahi,Semester freeze submit karen taake aap recovery pe focus karein
921,English,Male,Financial Issues,My fee is unpaid and family income suddenly stopped,Aapko fee installment request submit karni chahiye ya temporary semester freeze le sakte hain
922,Mixed,Male,Medical Issues,Accident hua hai aur physiotherapy chal rahi hai. Is liye semester freeze request kar raha/rahi hoon,Recovery ke liye semester freeze recommended hai. Advisor ne recommend kiya hai semester freeze lene ke liye
923,RomanUrdu,Male,Mental Health,Anxiety attacks ki wajah se studies disturb ho rahi hain,Semester freeze le kar mental health improve karein
924,English,Female,Administrative Issues,Mujhe 4pm ke baad class attend karna possible nahi,Semester freeze allow ki ja sakti hai timing issues me
925,English,Neutral,Administrative Issues,Teacher change request process clear nahi hai,Advisor se guide lein aur semester pause consider karein
926,Mixed,Neutral,Personal/Family Issues,Family migration ki wajah se semester pause karna hai. Is liye semester freeze request kar raha/rahi hoon,Semester freeze allow hoti hai relocation ya migration case me. Advisor ne recommend kiya hai semester freeze lene ke liye
927,English,Neutral,Mental Health,Anxiety attacks ki wajah se studies disturb ho rahi hain,Semester freeze le kar mental health improve karein
928,English,Male,Mental Health,Anxiety attacks ki wajah se studies disturb ho rahi hain,Semester freeze le kar mental health improve karein
929,English,Neutral,Gender/Role Specific,Childcare ki wajah se classes attend nahi ho pa rahi,Semester freeze request karein childcare ke liye
930,RomanUrdu,Female,Local/Other Issues,Protests aur political unrest ki wajah se campus nahi ja sakta,Temporary semester freeze consider karein
931,Mixed,Female,Administrative Issues,"Lab aur lecture same time hai, attend nahi kar pa raha. Is liye semester freeze request kar raha/rahi hoon",Semester freeze consider karein jab tak schedule fix na ho. Advisor ne recommend kiya hai semester freeze lene ke liye
932,Mixed,Neutral,Local/Other Issues,Protests aur political unrest ki wajah se campus nahi ja sakta. Is liye semester freeze request kar raha/rahi hoon,Temporary semester freeze consider karein. Advisor ne recommend kiya hai semester freeze lene ke liye
933,Mixed,Female,Medical Issues,Accident hua hai aur physiotherapy chal rahi hai. Is liye semester freeze request kar raha/rahi hoon,Recovery ke liye semester freeze recommended hai. Advisor ne recommend kiya hai semester freeze lene ke liye
934,Mixed,Male,Mental Health,Severe burnout ho gaya hai aur focus nahi ban raha. Is liye semester freeze request kar raha/rahi hoon,Semester pause karna aapke liye beneficial hoga. Advisor ne recommend kiya hai semester freeze lene ke liye
935,Mixed,Male,Medical Issues,I had surgery and doctor ne complete rest kaha hai. Is liye semester freeze request kar raha/rahi hoon,Doctor certificate ke saath semester freeze le sakte hain. Advisor ne recommend kiya hai semester freeze lene ke liye
936,Mixed,Male,Academic Issues,Basics weak hain is liye advanced courses tough lag rahe hain. Is liye semester freeze request kar raha/rahi hoon,Foundation courses complete karne ke baad advance courses enroll karein. Advisor ne recommend kiya hai semester freeze lene ke liye
937,English,Neutral,Gender/Role Specific,Father hospital mein hain aur mujhe ghar sambhalna hai,Semester pause allow hoti hai family care ke liye
938,Mixed,Male,Mental Health,Severe burnout ho gaya hai aur focus nahi ban raha. Is liye semester freeze request kar raha/rahi hoon,Semester pause karna aapke liye beneficial hoga. Advisor ne recommend kiya hai semester freeze lene ke liye
939,RomanUrdu,Male,Academic Issues,I dropped many courses and now I am confused what to enroll next,Academic advisor se consult karein aur proper enrollment plan banayein
940,RomanUrdu,Male,Academic Issues,Basics weak hain is liye advanced courses tough lag rahe hain,Foundation courses complete karne ke baad advance courses enroll karein
941,Mixed,Female,Mental Health,Anxiety attacks ki wajah se studies disturb ho rahi hain. Is liye semester freeze request kar raha/rahi hoon,Semester freeze le kar mental health improve karein. Advisor ne recommend kiya hai semester freeze lene ke liye
942,RomanUrdu,Female,Mental Health,Mentally drained hoon aur semester manage nahi kar pa raha,Semester freeze ke dauran rest aur recovery pe focus karein
943,English,Neutral,Mental Health,Severe burnout ho gaya hai aur focus nahi ban raha,Semester pause karna aapke liye beneficial hoga
944,RomanUrdu,Neutral,Financial Issues,Late fee fine lag gaya hai aur arrange nahi ho raha,Late fine waiver ya installment ke liye office se contact karein
945,Mixed,Female,Gender/Role Specific,Family business sambhalna par raha hai temporarily. Is liye semester freeze request kar raha/rahi hoon,Semester freeze le kar aap responsibilities manage kar sakte hain. Advisor ne recommend kiya hai semester freeze lene ke liye
946,RomanUrdu,Female,Medical Issues,Medical condition ki wajah se campus ana possible nahi,Semester freeze submit karen taake aap recovery pe focus karein
947,Mixed,Neutral,Academic Issues,I dropped many courses and now I am confused what to enroll next. Is liye semester freeze request kar raha/rahi hoon,Academic advisor se consult karein aur proper enrollment plan banayein. Advisor ne recommend kiya hai semester freeze lene ke liye
948,RomanUrdu,Female,Medical Issues,Recovery after COVID ki wajah se classes miss ho rahi hain,Semester freeze recommended hai taake aap fully recover kar sakein
949,English,Female,Gender/Role Specific,Pregnancy ki wajah se semester continue nahi kar sakti,Semester freeze allow hoti hai maternity reasons me
950,Mixed,Neutral,Gender/Role Specific,Father hospital mein hain aur mujhe ghar sambhalna hai. Is liye semester freeze request kar raha/rahi hoon,Semester pause allow hoti hai family care ke liye. Advisor ne recommend kiya hai semester freeze lene ke liye
951,English,Male,Academic Issues,I dropped many courses and now I am confused what to enroll next,Academic advisor se consult karein aur proper enrollment plan banayein
952,English,Female,Local/Other Issues,Lab resource unavailable hai is liye semester freeze request kar raha/rahi hoon,Semester pause consider karein jab tak resources available na ho
953,Mixed,Female,Financial Issues,Main temporary full time job kar raha hoon to support family. Is liye semester freeze request kar raha/rahi hoon,Semester freeze le kar aap work aur studies dono manage kar sakte hain. Advisor ne recommend kiya hai semester freeze lene ke liye
954,English,Male,Academic Issues,Credit hours overload ho gaye hain aur handle nahi ho raha,Semester freeze le kar workload manage karein
955,Mixed,Female,Financial Issues,Main temporary full time job kar raha hoon to support family. Is liye semester freeze request kar raha/rahi hoon,Semester freeze le kar aap work aur studies dono manage kar sakte hain. Advisor ne recommend kiya hai semester freeze lene ke liye
956,RomanUrdu,Male,Financial Issues,Abbu ki job chali gayi hai is liye semester freeze chahiye,Temporary semester freeze allow ki ja sakti hai financial crisis ke liye
957,English,Male,Gender/Role Specific,Safety issues ki wajah se campus travel possible nahi,Temporary semester freeze request karein safety ke liye
958,RomanUrdu,Female,Financial Issues,My fee is unpaid and family income suddenly stopped,Aapko fee installment request submit karni chahiye ya temporary semester freeze le sakte hain
959,English,Neutral,Local/Other Issues,Protests aur political unrest ki wajah se campus nahi ja sakta,Temporary semester freeze consider karein
960,RomanUrdu,Female,Medical Issues,Chronic pain ki wajah se classes attend nahi ho rahi,Medical certificate submit karein aur semester freeze request karein
961,English,Female,Academic Issues,Credit hours overload ho gaye hain aur handle nahi ho raha,Semester freeze le kar workload manage karein
962,English,Male,Financial Issues,Abbu ki job chali gayi hai is liye semester freeze chahiye,Temporary semester freeze allow ki ja sakti hai financial crisis ke liye
963,Mixed,Male,Mental Health,Anxiety attacks ki wajah se studies disturb ho rahi hain. Is liye semester freeze request kar raha/rahi hoon,Semester freeze le kar mental health improve karein. Advisor ne recommend kiya hai semester freeze lene ke liye
964,RomanUrdu,Neutral,Medical Issues,I had surgery and doctor ne complete rest kaha hai,Doctor certificate ke saath semester freeze le sakte hain
965,RomanUrdu,Male,Gender/Role Specific,Male breadwinner responsibility hai is liye break chahiye,Semester freeze le kar aap family support kar sakte hain
966,RomanUrdu,Male,Personal/Family Issues,Mother bohat sick hain aur unka khayal rakhna hai,Semester freeze request karein taake aap family care kar sakein
967,RomanUrdu,Male,Administrative Issues,Semester freeze policy properly samajh nahi aa rahi,Office se clarify karein aur request submit karein
968,RomanUrdu,Neutral,Gender/Role Specific,Childcare ki wajah se classes attend nahi ho pa rahi,Semester freeze request karein childcare ke liye
969,English,Male,Financial Issues,Abbu ki job chali gayi hai is liye semester freeze chahiye,Temporary semester freeze allow ki ja sakti hai financial crisis ke liye
970,English,Male,Academic Issues,"CGPA below average hai, degree complete ho payegi ya nahi samajh nahi aa raha",Semester freeze ke dauran CGPA improve karne ka plan banayein
971,RomanUrdu,Male,Gender/Role Specific,Pregnancy ki wajah se semester continue nahi kar sakti,Semester freeze allow hoti hai maternity reasons me
972,English,Male,Administrative Issues,Timetable clash hai aur meri classes manage nahi ho rahi,Semester freeze request kar sakte hain jab timetable adjust ho
973,English,Female,Personal/Family Issues,Meri shaadi fix ho gayi hai aur relocation ho rahi hai,Semester freeze allow hoti hai relocation ya marriage ki wajah se
974,RomanUrdu,Neutral,Personal/Family Issues,Mother bohat sick hain aur unka khayal rakhna hai,Semester freeze request karein taake aap family care kar sakein
975,English,Female,Local/Other Issues,Lab resource unavailable hai is liye semester freeze request kar raha/rahi hoon,Semester pause consider karein jab tak resources available na ho
976,Mixed,Female,Personal/Family Issues,Ghar walay business sambhalne ko keh rahe hain. Is liye semester freeze request kar raha/rahi hoon,Temporary semester freeze le kar responsibilities manage karein. Advisor ne recommend kiya hai semester freeze lene ke liye
977,Mixed,Male,Gender/Role Specific,Father hospital mein hain aur mujhe ghar sambhalna hai. Is liye semester freeze request kar raha/rahi hoon,Semester pause allow hoti hai family care ke liye. Advisor ne recommend kiya hai semester freeze lene ke liye
978,RomanUrdu,Neutral,Administrative Issues,Teacher change request process clear nahi hai,Advisor se guide lein aur semester pause consider karein
979,Mixed,Male,Local/Other Issues,Power outages aur internet disruption ke wajah se classes miss ho rahi hain. Is liye semester freeze request kar raha/rahi hoon,Semester pause request submit karein taake classes miss na ho. Advisor ne recommend kiya hai semester freeze lene ke liye
980,Mixed,Female,Administrative Issues,Degree extension ka issue hai aur guidance chahiye. Is liye semester freeze request kar raha/rahi hoon,Semester freeze ke sath degree extension process initiate karein. Advisor ne recommend kiya hai semester freeze lene ke liye
981,Mixed,Male,Administrative Issues,Mujhe 4pm ke baad class attend karna possible nahi. Is liye semester freeze request kar raha/rahi hoon,Semester freeze allow ki ja sakti hai timing issues me. Advisor ne recommend kiya hai semester freeze lene ke liye
982,English,Male,Mental Health,Mentally bohat exhausted feel kar raha hoon,Mental health ke liye temporary semester freeze consider karein
983,RomanUrdu,Female,Local/Other Issues,Lab resource unavailable hai is liye semester freeze request kar raha/rahi hoon,Semester pause consider karein jab tak resources available na ho
984,English,Male,Medical Issues,Accident hua hai aur physiotherapy chal rahi hai,Recovery ke liye semester freeze recommended hai
985,English,Male,Financial Issues,Abbu ki job chali gayi hai is liye semester freeze chahiye,Temporary semester freeze allow ki ja sakti hai financial crisis ke liye
986,Mixed,Female,Gender/Role Specific,Safety issues ki wajah se campus travel possible nahi. Is liye semester freeze request kar raha/rahi hoon,Temporary semester freeze request karein safety ke liye. Advisor ne recommend kiya hai semester freeze lene ke liye
987,Mixed,Female,Mental Health,Severe burnout ho gaya hai aur focus nahi ban raha. Is liye semester freeze request kar raha/rahi hoon,Semester pause karna aapke liye beneficial hoga. Advisor ne recommend kiya hai semester freeze lene ke liye
988,Mixed,Female,Gender/Role Specific,Male breadwinner responsibility hai is liye break chahiye. Is liye semester freeze request kar raha/rahi hoon,Semester freeze le kar aap family support kar sakte hain. Advisor ne recommend kiya hai semester freeze lene ke liye
989,English,Neutral,Medical Issues,Recovery after COVID ki wajah se classes miss ho rahi hain,Semester freeze recommended hai taake aap fully recover kar sakein
990,RomanUrdu,Neutral,Administrative Issues,"Lab aur lecture same time hai, attend nahi kar pa raha",Semester freeze consider karein jab tak schedule fix na ho
991,Mixed,Male,Administrative Issues,Teacher change request process clear nahi hai. Is liye semester freeze request kar raha/rahi hoon,Advisor se guide lein aur semester pause consider karein. Advisor ne recommend kiya hai semester freeze lene ke liye
992,English,Male,Personal/Family Issues,Mother bohat sick hain aur unka khayal rakhna hai,Semester freeze request karein taake aap family care kar sakein
993,Mixed,Male,Medical Issues,Chronic pain ki wajah se classes attend nahi ho rahi. Is liye semester freeze request kar raha/rahi hoon,Medical certificate submit karein aur semester freeze request karein. Advisor ne recommend kiya hai semester freeze lene ke liye
994,English,Male,Medical Issues,Accident hua hai aur physiotherapy chal rahi hai,Recovery ke liye semester freeze recommended hai
995,Mixed,Female,Medical Issues,I had surgery and doctor ne complete rest kaha hai. Is liye semester freeze request kar raha/rahi hoon,Doctor certificate ke saath semester freeze le sakte hain. Advisor ne recommend kiya hai semester freeze lene ke liye
996,Mixed,Female,Personal/Family Issues,Mother bohat sick hain aur unka khayal rakhna hai. Is liye semester freeze request kar raha/rahi hoon,Semester freeze request karein taake aap family care kar sakein. Advisor ne recommend kiya hai semester freeze lene ke liye
997,English,Female,Administrative Issues,"Lab aur lecture same time hai, attend nahi kar pa raha",Semester freeze consider karein jab tak schedule fix na ho
998,English,Neutral,Medical Issues,Medical condition ki wajah se campus ana possible nahi,Semester freeze submit karen taake aap recovery pe focus karein
999,RomanUrdu,Neutral,Local/Other Issues,Competitive coaching ke liye semester pause karna zaroori hai,Semester freeze allow hoti hai professional training ke liye
1000,RomanUrdu,Neutral,Administrative Issues,Mujhe 4pm ke baad class attend karna possible nahi,Semester freeze allow ki ja sakti hai timing issues me
1001,RomanUrdu,Neutral,Local/Other Issues,Transport strike ke wajah se classes attend nahi ho rahi,Semester freeze request karein jab tak transport restore na ho
1002,English,Male,Financial Issues,I lost my scholarship and cannot afford this semester,Financial support ke liye advisor ya office se discuss karein
1003,RomanUrdu,Female,Financial Issues,Abbu ki job chali gayi hai is liye semester freeze chahiye,Temporary semester freeze allow ki ja sakti hai financial crisis ke liye
1004,RomanUrdu,Neutral,Medical Issues,Medical condition ki wajah se campus ana possible nahi,Semester freeze submit karen taake aap recovery pe focus karein
1005,Mixed,Neutral,Personal/Family Issues,Family migration ki wajah se semester pause karna hai. Is liye semester freeze request kar raha/rahi hoon,Semester freeze allow hoti hai relocation ya migration case me. Advisor ne recommend kiya hai semester freeze lene ke liye
1006,RomanUrdu,Female,Local/Other Issues,Lab resource unavailable hai is liye semester freeze request kar raha/rahi hoon,Semester pause consider karein jab tak resources available na ho
1007,RomanUrdu,Male,Gender/Role Specific,Father hospital mein hain aur mujhe ghar sambhalna hai,Semester pause allow hoti hai family care ke liye
1008,English,Male,Financial Issues,Main temporary full time job kar raha hoon to support family,Semester freeze le kar aap work aur studies dono manage kar sakte hain
1009,RomanUrdu,Female,Mental Health,Mentally drained hoon aur semester manage nahi kar pa raha,Semester freeze ke dauran rest aur recovery pe focus karein
1010,RomanUrdu,Neutral,Mental Health,Severe burnout ho gaya hai aur focus nahi ban raha,Semester pause karna aapke liye beneficial hoga
1011,Mixed,Neutral,Local/Other Issues,Floods damaged roads and internet is not working. Is liye semester freeze request kar raha/rahi hoon,Semester freeze allow ki ja sakti hai disaster situations me. Advisor ne recommend kiya hai semester freeze lene ke liye
1012,RomanUrdu,Female,Financial Issues,My fee is unpaid and family income suddenly stopped,Aapko fee installment request submit karni chahiye ya temporary semester freeze le sakte hain
1013,RomanUrdu,Neutral,Mental Health,Mentally drained hoon aur semester manage nahi kar pa raha,Semester freeze ke dauran rest aur recovery pe focus karein
1014,RomanUrdu,Female,Financial Issues,Main temporary full time job kar raha hoon to support family,Semester freeze le kar aap work aur studies dono manage kar sakte hain
1015,Mixed,Neutral,Administrative Issues,Timetable clash hai aur meri classes manage nahi ho rahi. Is liye semester freeze request kar raha/rahi hoon,Semester freeze request kar sakte hain jab timetable adjust ho. Advisor ne recommend kiya hai semester freeze lene ke liye
1016,Mixed,Neutral,Gender/Role Specific,Male breadwinner responsibility hai is liye break chahiye. Is liye semester freeze request kar raha/rahi hoon,Semester freeze le kar aap family support kar sakte hain. Advisor ne recommend kiya hai semester freeze lene ke liye
1017,Mixed,Female,Academic Issues,I dropped many courses and now I am confused what to enroll next. Is liye semester freeze request kar raha/rahi hoon,Academic advisor se consult karein aur proper enrollment plan banayein. Advisor ne recommend kiya hai semester freeze lene ke liye
1018,RomanUrdu,Female,Academic Issues,Basics weak hain is liye advanced courses tough lag rahe hain,Foundation courses complete karne ke baad advance courses enroll karein
1019,English,Female,Medical Issues,Major illness ke wajah se semester continue nahi kar sakta,Semester freeze allow ki ja sakti hai illness ke liye
1020,RomanUrdu,Female,Medical Issues,Major illness ke wajah se semester continue nahi kar sakta,Semester freeze allow ki ja sakti hai illness ke liye
1021,RomanUrdu,Female,Mental Health,Mentally drained hoon aur semester manage nahi kar pa raha,Semester freeze ke dauran rest aur recovery pe focus karein
1022,RomanUrdu,Female,Gender/Role Specific,Father hospital mein hain aur mujhe ghar sambhalna hai,Semester pause allow hoti hai family care ke liye
1023,Mixed,Neutral,Financial Issues,My fee is unpaid and family income suddenly stopped. Is liye semester freeze request kar raha/rahi hoon,Aapko fee installment request submit karni chahiye ya temporary semester freeze le sakte hain. Advisor ne recommend kiya hai semester freeze lene ke liye
1024,RomanUrdu,Neutral,Personal/Family Issues,Hostel band ho gaya aur transport ka issue hai,Semester pause kar sakte hain jab tak facility arrange na ho
1025,English,Male,Academic Issues,I dropped many courses and now I am confused what to enroll next,Academic advisor se consult karein aur proper enrollment plan banayein
1026,English,Female,Local/Other Issues,Protests aur political unrest ki wajah se campus nahi ja sakta,Temporary semester freeze consider karein
1027,English,Neutral,Mental Health,Severe burnout ho gaya hai aur focus nahi ban raha,Semester pause karna aapke liye beneficial hoga
1028,RomanUrdu,Male,Gender/Role Specific,Male breadwinner responsibility hai is liye break chahiye,Semester freeze le kar aap family support kar sakte hain
1029,Mixed,Female,Local/Other Issues,Power outages aur internet disruption ke wajah se classes miss ho rahi hain. Is liye semester freeze request kar raha/rahi hoon,Semester pause request submit karein taake classes miss na ho. Advisor ne recommend kiya hai semester freeze lene ke liye
1030,Mixed,Female,Gender/Role Specific,Family business sambhalna par raha hai temporarily. Is liye semester freeze request kar raha/rahi hoon,Semester freeze le kar aap responsibilities manage kar sakte hain. Advisor ne recommend kiya hai semester freeze lene ke liye
1031,Mixed,Female,Administrative Issues,Degree extension ka issue hai aur guidance chahiye. Is liye semester freeze request kar raha/rahi hoon,Semester freeze ke sath degree extension process initiate karein. Advisor ne recommend kiya hai semester freeze lene ke liye
1032,RomanUrdu,Neutral,Mental Health,Severe burnout ho gaya hai aur focus nahi ban raha,Semester pause karna aapke liye beneficial hoga
1033,English,Male,Academic Issues,Credit hours overload ho gaye hain aur handle nahi ho raha,Semester freeze le kar workload manage karein
1034,English,Male,Mental Health,Anxiety attacks ki wajah se studies disturb ho rahi hain,Semester freeze le kar mental health improve karein
1035,English,Male,Personal/Family Issues,Mother bohat sick hain aur unka khayal rakhna hai,Semester freeze request karein taake aap family care kar sakein
1036,RomanUrdu,Male,Financial Issues,Main temporary full time job kar raha hoon to support family,Semester freeze le kar aap work aur studies dono manage kar sakte hain
1037,Mixed,Neutral,Academic Issues,DSA is too hard for me and I need a break to improve basics. Is liye semester freeze request kar raha/rahi hoon,Semester freeze recommend kiya jata hai taake aap basics strong kar sakein. Advisor ne recommend kiya hai semester freeze lene ke liye
1038,RomanUrdu,Neutral,Personal/Family Issues,Ghar walay business sambhalne ko keh rahe hain,Temporary semester freeze le kar responsibilities manage karein
1039,English,Neutral,Local/Other Issues,Competitive coaching ke liye semester pause karna zaroori hai,Semester freeze allow hoti hai professional training ke liye
1040,RomanUrdu,Female,Personal/Family Issues,Mother bohat sick hain aur unka khayal rakhna hai,Semester freeze request karein taake aap family care kar sakein
1041,English,Female,Local/Other Issues,Competitive coaching ke liye semester pause karna zaroori hai,Semester freeze allow hoti hai professional training ke liye
1042,English,Female,Gender/Role Specific,Safety issues ki wajah se campus travel possible nahi,Temporary semester freeze request karein safety ke liye
1043,Mixed,Male,Personal/Family Issues,Hostel band ho gaya aur transport ka issue hai. Is liye semester freeze request kar raha/rahi hoon,Semester pause kar sakte hain jab tak facility arrange na ho. Advisor ne recommend kiya hai semester freeze lene ke liye
1044,English,Female,Local/Other Issues,Power outages aur internet disruption ke wajah se classes miss ho rahi hain,Semester pause request submit karein taake classes miss na ho
1045,English,Neutral,Medical Issues,Accident hua hai aur physiotherapy chal rahi hai,Recovery ke liye semester freeze recommended hai
1046,English,Female,Mental Health,Mentally bohat exhausted feel kar raha hoon,Mental health ke liye temporary semester freeze consider karein
1047,English,Male,Gender/Role Specific,Father hospital mein hain aur mujhe ghar sambhalna hai,Semester pause allow hoti hai family care ke liye
1048,RomanUrdu,Male,Personal/Family Issues,Family pressure hai ke main degree chor doon,Advisor se discuss karein aur semester freeze consider karein
1049,RomanUrdu,Female,Mental Health,Depression ki wajah se classes miss ho rahi hain,Advisor ke saath discuss karein aur semester freeze lein
1050,Mixed,Male,Administrative Issues,Teacher change request process clear nahi hai. Is liye semester freeze request kar raha/rahi hoon,Advisor se guide lein aur semester pause consider karein. Advisor ne recommend kiya hai semester freeze lene ke liye
1051,Mixed,Female,Financial Issues,I lost my scholarship and cannot afford this semester. Is liye semester freeze request kar raha/rahi hoon,Financial support ke liye advisor ya office se discuss karein. Advisor ne recommend kiya hai semester freeze lene ke liye
1052,Mixed,Female,Local/Other Issues,Transport strike ke wajah se classes attend nahi ho rahi. Is liye semester freeze request kar raha/rahi hoon,Semester freeze request karein jab tak transport restore na ho. Advisor ne recommend kiya hai semester freeze lene ke liye
1053,RomanUrdu,Female,Medical Issues,Medical condition ki wajah se campus ana possible nahi,Semester freeze submit karen taake aap recovery pe focus karein
1054,English,Female,Local/Other Issues,Floods damaged roads and internet is not working,Semester freeze allow ki ja sakti hai disaster situations me
1055,RomanUrdu,Neutral,Academic Issues,Basics weak hain is liye advanced courses tough lag rahe hain,Foundation courses complete karne ke baad advance courses enroll karein
1056,Mixed,Female,Academic Issues,"CGPA below average hai, degree complete ho payegi ya nahi samajh nahi aa raha. Is liye semester freeze request kar raha/rahi hoon",Semester freeze ke dauran CGPA improve karne ka plan banayein. Advisor ne recommend kiya hai semester freeze lene ke liye
1057,Mixed,Female,Personal/Family Issues,Family pressure hai ke main degree chor doon. Is liye semester freeze request kar raha/rahi hoon,Advisor se discuss karein aur semester freeze consider karein. Advisor ne recommend kiya hai semester freeze lene ke liye
1058,Mixed,Neutral,Financial Issues,Main temporary full time job kar raha hoon to support family. Is liye semester freeze request kar raha/rahi hoon,Semester freeze le kar aap work aur studies dono manage kar sakte hain. Advisor ne recommend kiya hai semester freeze lene ke liye
1059,Mixed,Female,Administrative Issues,"Lab aur lecture same time hai, attend nahi kar pa raha. Is liye semester freeze request kar raha/rahi hoon",Semester freeze consider karein jab tak schedule fix na ho. Advisor ne recommend kiya hai semester freeze lene ke liye
1060,RomanUrdu,Female,Administrative Issues,"Lab aur lecture same time hai, attend nahi kar pa raha",Semester freeze consider karein jab tak schedule fix na ho
1061,Mixed,Male,Financial Issues,My fee is unpaid and family income suddenly stopped. Is liye semester freeze request kar raha/rahi hoon,Aapko fee installment request submit karni chahiye ya temporary semester freeze le sakte hain. Advisor ne recommend kiya hai semester freeze lene ke liye
1062,English,Neutral,Local/Other Issues,Transport strike ke wajah se classes attend nahi ho rahi,Semester freeze request karein jab tak transport restore na ho
1063,RomanUrdu,Female,Academic Issues,Credit hours overload ho gaye hain aur handle nahi ho raha,Semester freeze le kar workload manage karein
1064,RomanUrdu,Neutral,Financial Issues,I lost my scholarship and cannot afford this semester,Financial support ke liye advisor ya office se discuss karein
1065,Mixed,Neutral,Financial Issues,Fees installment allow nahi ki ja rahi hai university policy ke wajah se. Is liye semester freeze request kar raha/rahi hoon,Office se discuss karein aur special request submit karein. Advisor ne recommend kiya hai semester freeze lene ke liye
1066,English,Female,Local/Other Issues,Lab resource unavailable hai is liye semester freeze request kar raha/rahi hoon,Semester pause consider karein jab tak resources available na ho
1067,English,Female,Local/Other Issues,Competitive coaching ke liye semester pause karna zaroori hai,Semester freeze allow hoti hai professional training ke liye
1068,RomanUrdu,Female,Mental Health,Anxiety attacks ki wajah se studies disturb ho rahi hain,Semester freeze le kar mental health improve karein
1069,Mixed,Male,Mental Health,Mentally bohat exhausted feel kar raha hoon. Is liye semester freeze request kar raha/rahi hoon,Mental health ke liye temporary semester freeze consider karein. Advisor ne recommend kiya hai semester freeze lene ke liye
1070,Mixed,Male,Administrative Issues,"Lab aur lecture same time hai, attend nahi kar pa raha. Is liye semester freeze request kar raha/rahi hoon",Semester freeze consider karein jab tak schedule fix na ho. Advisor ne recommend kiya hai semester freeze lene ke liye
1071,English,Neutral,Financial Issues,Abbu ki job chali gayi hai is liye semester freeze chahiye,Temporary semester freeze allow ki ja sakti hai financial crisis ke liye
1072,Mixed,Male,Medical Issues,Major illness ke wajah se semester continue nahi kar sakta. Is liye semester freeze request kar raha/rahi hoon,Semester freeze allow ki ja sakti hai illness ke liye. Advisor ne recommend kiya hai semester freeze lene ke liye
1073,English,Male,Academic Issues,Credit hours overload ho gaye hain aur handle nahi ho raha,Semester freeze le kar workload manage karein
1074,English,Male,Academic Issues,I failed PF and OOP both and I need time to prepare again,Aap semester freeze le sakte hain aur next semester me core subjects dobara enroll karein
1075,Mixed,Female,Gender/Role Specific,Safety issues ki wajah se campus travel possible nahi. Is liye semester freeze request kar raha/rahi hoon,Temporary semester freeze request karein safety ke liye. Advisor ne recommend kiya hai semester freeze lene ke liye
1076,RomanUrdu,Neutral,Administrative Issues,Timetable clash hai aur meri classes manage nahi ho rahi,Semester freeze request kar sakte hain jab timetable adjust ho
1077,English,Neutral,Mental Health,Severe burnout ho gaya hai aur focus nahi ban raha,Semester pause karna aapke liye beneficial hoga
1078,RomanUrdu,Female,Local/Other Issues,Protests aur political unrest ki wajah se campus nahi ja sakta,Temporary semester freeze consider karein
1079,RomanUrdu,Male,Medical Issues,Accident hua hai aur physiotherapy chal rahi hai,Recovery ke liye semester freeze recommended hai
1080,English,Male,Financial Issues,Fees installment allow nahi ki ja rahi hai university policy ke wajah se,Office se discuss karein aur special request submit karein
1081,RomanUrdu,Female,Local/Other Issues,Floods damaged roads and internet is not working,Semester freeze allow ki ja sakti hai disaster situations me
1082,RomanUrdu,Male,Academic Issues,Credit hours overload ho gaye hain aur handle nahi ho raha,Semester freeze le kar workload manage karein
1083,Mixed,Female,Medical Issues,Accident hua hai aur physiotherapy chal rahi hai. Is liye semester freeze request kar raha/rahi hoon,Recovery ke liye semester freeze recommended hai. Advisor ne recommend kiya hai semester freeze lene ke liye
1084,RomanUrdu,Female,Gender/Role Specific,Pregnancy ki wajah se semester continue nahi kar sakti,Semester freeze allow hoti hai maternity reasons me
1085,English,Neutral,Mental Health,Stress ki wajah se exams par focus nahi ho raha,Semester freeze allow hoti hai stress aur burnout ke cases me
1086,RomanUrdu,Male,Academic Issues,Basics weak hain is liye advanced courses tough lag rahe hain,Foundation courses complete karne ke baad advance courses enroll karein
1087,RomanUrdu,Female,Gender/Role Specific,Father hospital mein hain aur mujhe ghar sambhalna hai,Semester pause allow hoti hai family care ke liye
1088,RomanUrdu,Neutral,Academic Issues,"CGPA below average hai, degree complete ho payegi ya nahi samajh nahi aa raha",Semester freeze ke dauran CGPA improve karne ka plan banayein
1089,Mixed,Neutral,Medical Issues,I had surgery and doctor ne complete rest kaha hai. Is liye semester freeze request kar raha/rahi hoon,Doctor certificate ke saath semester freeze le sakte hain. Advisor ne recommend kiya hai semester freeze lene ke liye
1090,RomanUrdu,Female,Administrative Issues,Timetable clash hai aur meri classes manage nahi ho rahi,Semester freeze request kar sakte hain jab timetable adjust ho
1091,RomanUrdu,Neutral,Gender/Role Specific,Male breadwinner responsibility hai is liye break chahiye,Semester freeze le kar aap family support kar sakte hain
1092,Mixed,Female,Administrative Issues,Teacher change request process clear nahi hai. Is liye semester freeze request kar raha/rahi hoon,Advisor se guide lein aur semester pause consider karein. Advisor ne recommend kiya hai semester freeze lene ke liye
1093,English,Neutral,Mental Health,Depression ki wajah se classes miss ho rahi hain,Advisor ke saath discuss karein aur semester freeze lein
1094,English,Female,Financial Issues,My fee is unpaid and family income suddenly stopped,Aapko fee installment request submit karni chahiye ya temporary semester freeze le sakte hain
1095,English,Male,Administrative Issues,Timetable clash hai aur meri classes manage nahi ho rahi,Semester freeze request kar sakte hain jab timetable adjust ho
1096,English,Neutral,Gender/Role Specific,Safety issues ki wajah se campus travel possible nahi,Temporary semester freeze request karein safety ke liye
1097,Mixed,Female,Personal/Family Issues,Mother bohat sick hain aur unka khayal rakhna hai. Is liye semester freeze request kar raha/rahi hoon,Semester freeze request karein taake aap family care kar sakein. Advisor ne recommend kiya hai semester freeze lene ke liye
1098,English,Male,Mental Health,Mentally bohat exhausted feel kar raha hoon,Mental health ke liye temporary semester freeze consider karein
1099,Mixed,Female,Administrative Issues,Timetable clash hai aur meri classes manage nahi ho rahi. Is liye semester freeze request kar raha/rahi hoon,Semester freeze request kar sakte hain jab timetable adjust ho. Advisor ne recommend kiya hai semester freeze lene ke liye
1100,English,Male,Mental Health,Severe burnout ho gaya hai aur focus nahi ban raha,Semester pause karna aapke liye beneficial hoga
1101,English,Female,Mental Health,Depression ki wajah se classes miss ho rahi hain,Advisor ke saath discuss karein aur semester freeze lein
1102,English,Male,Personal/Family Issues,Family pressure hai ke main degree chor doon,Advisor se discuss karein aur semester freeze consider karein
1103,English,Male,Mental Health,Anxiety attacks ki wajah se studies disturb ho rahi hain,Semester freeze le kar mental health improve karein
1104,RomanUrdu,Female,Academic Issues,I failed PF and OOP both and I need time to prepare again,Aap semester freeze le sakte hain aur next semester me core subjects dobara enroll karein
1105,English,Female,Medical Issues,Chronic pain ki wajah se classes attend nahi ho rahi,Medical certificate submit karein aur semester freeze request karein
1106,English,Male,Medical Issues,Major illness ke wajah se semester continue nahi kar sakta,Semester freeze allow ki ja sakti hai illness ke liye
1107,Mixed,Male,Administrative Issues,Semester freeze policy properly samajh nahi aa rahi. Is liye semester freeze request kar raha/rahi hoon,Office se clarify karein aur request submit karein. Advisor ne recommend kiya hai semester freeze lene ke liye
1108,English,Female,Local/Other Issues,Transport strike ke wajah se classes attend nahi ho rahi,Semester freeze request karein jab tak transport restore na ho
1109,RomanUrdu,Neutral,Gender/Role Specific,Family business sambhalna par raha hai temporarily,Semester freeze le kar aap responsibilities manage kar sakte hain
1110,RomanUrdu,Female,Administrative Issues,Timetable clash hai aur meri classes manage nahi ho rahi,Semester freeze request kar sakte hain jab timetable adjust ho
1111,RomanUrdu,Male,Gender/Role Specific,Safety issues ki wajah se campus travel possible nahi,Temporary semester freeze request karein safety ke liye
1112,Mixed,Neutral,Gender/Role Specific,Childcare ki wajah se classes attend nahi ho pa rahi. Is liye semester freeze request kar raha/rahi hoon,Semester freeze request karein childcare ke liye. Advisor ne recommend kiya hai semester freeze lene ke liye
1113,English,Female,Local/Other Issues,Floods damaged roads and internet is not working,Semester freeze allow ki ja sakti hai disaster situations me
1114,RomanUrdu,Neutral,Medical Issues,Chronic pain ki wajah se classes attend nahi ho rahi,Medical certificate submit karein aur semester freeze request karein
1115,Mixed,Male,Academic Issues,I failed PF and OOP both and I need time to prepare again. Is liye semester freeze request kar raha/rahi hoon,Aap semester freeze le sakte hain aur next semester me core subjects dobara enroll karein. Advisor ne recommend kiya hai semester freeze lene ke liye
1116,RomanUrdu,Male,Gender/Role Specific,Family business sambhalna par raha hai temporarily,Semester freeze le kar aap responsibilities manage kar sakte hain
1117,RomanUrdu,Male,Local/Other Issues,Competitive coaching ke liye semester pause karna zaroori hai,Semester freeze allow hoti hai professional training ke liye
1118,RomanUrdu,Male,Administrative Issues,Mujhe 4pm ke baad class attend karna possible nahi,Semester freeze allow ki ja sakti hai timing issues me
1119,RomanUrdu,Female,Local/Other Issues,Power outages aur internet disruption ke wajah se classes miss ho rahi hain,Semester pause request submit karein taake classes miss na ho
1120,Mixed,Neutral,Gender/Role Specific,Safety issues ki wajah se campus travel possible nahi. Is liye semester freeze request kar raha/rahi hoon,Temporary semester freeze request karein safety ke liye. Advisor ne recommend kiya hai semester freeze lene ke liye
1121,English,Neutral,Financial Issues,Abbu ki job chali gayi hai is liye semester freeze chahiye,Temporary semester freeze allow ki ja sakti hai financial crisis ke liye
1122,English,Neutral,Academic Issues,"CGPA below average hai, degree complete ho payegi ya nahi samajh nahi aa raha",Semester freeze ke dauran CGPA improve karne ka plan banayein
1123,RomanUrdu,Male,Mental Health,Depression ki wajah se classes miss ho rahi hain,Advisor ke saath discuss karein aur semester freeze lein
1124,RomanUrdu,Neutral,Local/Other Issues,Power outages aur internet disruption ke wajah se classes miss ho rahi hain,Semester pause request submit karein taake classes miss na ho
1125,English,Neutral,Financial Issues,Late fee fine lag gaya hai aur arrange nahi ho raha,Late fine waiver ya installment ke liye office se contact karein
1126,Mixed,Male,Mental Health,Anxiety attacks ki wajah se studies disturb ho rahi hain. Is liye semester freeze request kar raha/rahi hoon,Semester freeze le kar mental health improve karein. Advisor ne recommend kiya hai semester freeze lene ke liye
1127,Mixed,Female,Academic Issues,Credit hours overload ho gaye hain aur handle nahi ho raha. Is liye semester freeze request kar raha/rahi hoon,Semester freeze le kar workload manage karein. Advisor ne recommend kiya hai semester freeze lene ke liye
1128,RomanUrdu,Male,Personal/Family Issues,Ghar walay business sambhalne ko keh rahe hain,Temporary semester freeze le kar responsibilities manage karein
1129,RomanUrdu,Neutral,Financial Issues,My fee is unpaid and family income suddenly stopped,Aapko fee installment request submit karni chahiye ya temporary semester freeze le sakte hain
1130,RomanUrdu,Female,Mental Health,Mentally bohat exhausted feel kar raha hoon,Mental health ke liye temporary semester freeze consider karein
1131,Mixed,Neutral,Personal/Family Issues,Family pressure hai ke main degree chor doon. Is liye semester freeze request kar raha/rahi hoon,Advisor se discuss karein aur semester freeze consider karein. Advisor ne recommend kiya hai semester freeze lene ke liye
1132,English,Female,Personal/Family Issues,Mother bohat sick hain aur unka khayal rakhna hai,Semester freeze request karein taake aap family care kar sakein
1133,English,Male,Medical Issues,Medical condition ki wajah se campus ana possible nahi,Semester freeze submit karen taake aap recovery pe focus karein
1134,Mixed,Male,Local/Other Issues,Power outages aur internet disruption ke wajah se classes miss ho rahi hain. Is liye semester freeze request kar raha/rahi hoon,Semester pause request submit karein taake classes miss na ho. Advisor ne recommend kiya hai semester freeze lene ke liye
1135,RomanUrdu,Male,Gender/Role Specific,Male breadwinner responsibility hai is liye break chahiye,Semester freeze le kar aap family support kar sakte hain
1136,RomanUrdu,Male,Gender/Role Specific,Family business sambhalna par raha hai temporarily,Semester freeze le kar aap responsibilities manage kar sakte hain
1137,English,Male,Academic Issues,Credit hours overload ho gaye hain aur handle nahi ho raha,Semester freeze le kar workload manage karein
1138,English,Neutral,Financial Issues,Main temporary full time job kar raha hoon to support family,Semester freeze le kar aap work aur studies dono manage kar sakte hain
1139,RomanUrdu,Neutral,Personal/Family Issues,Ghar walay business sambhalne ko keh rahe hain,Temporary semester freeze le kar responsibilities manage karein
1140,RomanUrdu,Female,Medical Issues,Major illness ke wajah se semester continue nahi kar sakta,Semester freeze allow ki ja sakti hai illness ke liye
1141,Mixed,Male,Medical Issues,I had surgery and doctor ne complete rest kaha hai. Is liye semester freeze request kar raha/rahi hoon,Doctor certificate ke saath semester freeze le sakte hain. Advisor ne recommend kiya hai semester freeze lene ke liye
1142,English,Female,Mental Health,Mentally bohat exhausted feel kar raha hoon,Mental health ke liye temporary semester freeze consider karein
1143,Mixed,Male,Medical Issues,Medical condition ki wajah se campus ana possible nahi. Is liye semester freeze request kar raha/rahi hoon,Semester freeze submit karen taake aap recovery pe focus karein. Advisor ne recommend kiya hai semester freeze lene ke liye
1144,Mixed,Female,Local/Other Issues,Power outages aur internet disruption ke wajah se classes miss ho rahi hain. Is liye semester freeze request kar raha/rahi hoon,Semester pause request submit karein taake classes miss na ho. Advisor ne recommend kiya hai semester freeze lene ke liye
1145,RomanUrdu,Female,Local/Other Issues,Protests aur political unrest ki wajah se campus nahi ja sakta,Temporary semester freeze consider karein
1146,RomanUrdu,Male,Local/Other Issues,Competitive coaching ke liye semester pause karna zaroori hai,Semester freeze allow hoti hai professional training ke liye
1147,RomanUrdu,Female,Administrative Issues,Teacher change request process clear nahi hai,Advisor se guide lein aur semester pause consider karein
1148,English,Neutral,Mental Health,Depression ki wajah se classes miss ho rahi hain,Advisor ke saath discuss karein aur semester freeze lein
1149,Mixed,Female,Financial Issues,I lost my scholarship and cannot afford this semester. Is liye semester freeze request kar raha/rahi hoon,Financial support ke liye advisor ya office se discuss karein. Advisor ne recommend kiya hai semester freeze lene ke liye
1150,English,Female,Administrative Issues,"Lab aur lecture same time hai, attend nahi kar pa raha",Semester freeze consider karein jab tak schedule fix na ho
1151,English,Female,Financial Issues,I lost my scholarship and cannot afford this semester,Financial support ke liye advisor ya office se discuss karein
1152,English,Neutral,Gender/Role Specific,Safety issues ki wajah se campus travel possible nahi,Temporary semester freeze request karein safety ke liye
1153,English,Female,Administrative Issues,Degree extension ka issue hai aur guidance chahiye,Semester freeze ke sath degree extension process initiate karein
1154,RomanUrdu,Male,Personal/Family Issues,Hostel band ho gaya aur transport ka issue hai,Semester pause kar sakte hain jab tak facility arrange na ho
1155,English,Male,Financial Issues,Main temporary full time job kar raha hoon to support family,Semester freeze le kar aap work aur studies dono manage kar sakte hain
1156,Mixed,Female,Medical Issues,Recovery after COVID ki wajah se classes miss ho rahi hain. Is liye semester freeze request kar raha/rahi hoon,Semester freeze recommended hai taake aap fully recover kar sakein. Advisor ne recommend kiya hai semester freeze lene ke liye
1157,Mixed,Neutral,Personal/Family Issues,Family migration ki wajah se semester pause karna hai. Is liye semester freeze request kar raha/rahi hoon,Semester freeze allow hoti hai relocation ya migration case me. Advisor ne recommend kiya hai semester freeze lene ke liye
1158,English,Neutral,Medical Issues,I had surgery and doctor ne complete rest kaha hai,Doctor certificate ke saath semester freeze le sakte hain
1159,English,Female,Financial Issues,My fee is unpaid and family income suddenly stopped,Aapko fee installment request submit karni chahiye ya temporary semester freeze le sakte hain
1160,Mixed,Female,Mental Health,Mentally drained hoon aur semester manage nahi kar pa raha. Is liye semester freeze request kar raha/rahi hoon,Semester freeze ke dauran rest aur recovery pe focus karein. Advisor ne recommend kiya hai semester freeze lene ke liye
1161,Mixed,Male,Financial Issues,My fee is unpaid and family income suddenly stopped. Is liye semester freeze request kar raha/rahi hoon,Aapko fee installment request submit karni chahiye ya temporary semester freeze le sakte hain. Advisor ne recommend kiya hai semester freeze lene ke liye
1162,RomanUrdu,Female,Mental Health,Depression ki wajah se classes miss ho rahi hain,Advisor ke saath discuss karein aur semester freeze lein
1163,RomanUrdu,Neutral,Mental Health,Severe burnout ho gaya hai aur focus nahi ban raha,Semester pause karna aapke liye beneficial hoga
1164,English,Male,Medical Issues,Recovery after COVID ki wajah se classes miss ho rahi hain,Semester freeze recommended hai taake aap fully recover kar sakein
1165,Mixed,Neutral,Administrative Issues,Timetable clash hai aur meri classes manage nahi ho rahi. Is liye semester freeze request kar raha/rahi hoon,Semester freeze request kar sakte hain jab timetable adjust ho. Advisor ne recommend kiya hai semester freeze lene ke liye
1166,Mixed,Male,Administrative Issues,Timetable clash hai aur meri classes manage nahi ho rahi. Is liye semester freeze request kar raha/rahi hoon,Semester freeze request kar sakte hain jab timetable adjust ho. Advisor ne recommend kiya hai semester freeze lene ke liye
1167,English,Male,Gender/Role Specific,Childcare ki wajah se classes attend nahi ho pa rahi,Semester freeze request karein childcare ke liye
1168,RomanUrdu,Female,Gender/Role Specific,Male breadwinner responsibility hai is liye break chahiye,Semester freeze le kar aap family support kar sakte hain
1169,RomanUrdu,Male,Local/Other Issues,Protests aur political unrest ki wajah se campus nahi ja sakta,Temporary semester freeze consider karein
1170,RomanUrdu,Male,Local/Other Issues,Protests aur political unrest ki wajah se campus nahi ja sakta,Temporary semester freeze consider karein
1171,Mixed,Male,Financial Issues,Late fee fine lag gaya hai aur arrange nahi ho raha. Is liye semester freeze request kar raha/rahi hoon,Late fine waiver ya installment ke liye office se contact karein. Advisor ne recommend kiya hai semester freeze lene ke liye
1172,RomanUrdu,Male,Local/Other Issues,Transport strike ke wajah se classes attend nahi ho rahi,Semester freeze request karein jab tak transport restore na ho
1173,English,Male,Financial Issues,My fee is unpaid and family income suddenly stopped,Aapko fee installment request submit karni chahiye ya temporary semester freeze le sakte hain
1174,Mixed,Female,Mental Health,Mentally drained hoon aur semester manage nahi kar pa raha. Is liye semester freeze request kar raha/rahi hoon,Semester freeze ke dauran rest aur recovery pe focus karein. Advisor ne recommend kiya hai semester freeze lene ke liye
1175,English,Neutral,Personal/Family Issues,Ghar walay business sambhalne ko keh rahe hain,Temporary semester freeze le kar responsibilities manage karein
1176,English,Male,Local/Other Issues,Lab resource unavailable hai is liye semester freeze request kar raha/rahi hoon,Semester pause consider karein jab tak resources available na ho
1177,Mixed,Male,Academic Issues,"CGPA below average hai, degree complete ho payegi ya nahi samajh nahi aa raha. Is liye semester freeze request kar raha/rahi hoon",Semester freeze ke dauran CGPA improve karne ka plan banayein. Advisor ne recommend kiya hai semester freeze lene ke liye
1178,Mixed,Neutral,Administrative Issues,"Lab aur lecture same time hai, attend nahi kar pa raha. Is liye semester freeze request kar raha/rahi hoon",Semester freeze consider karein jab tak schedule fix na ho. Advisor ne recommend kiya hai semester freeze lene ke liye
1179,RomanUrdu,Neutral,Medical Issues,I had surgery and doctor ne complete rest kaha hai,Doctor certificate ke saath semester freeze le sakte hain
1180,English,Neutral,Academic Issues,I failed PF and OOP both and I need time to prepare again,Aap semester freeze le sakte hain aur next semester me core subjects dobara enroll karein
1181,English,Female,Administrative Issues,Degree extension ka issue hai aur guidance chahiye,Semester freeze ke sath degree extension process initiate karein
1182,RomanUrdu,Female,Administrative Issues,Teacher change request process clear nahi hai,Advisor se guide lein aur semester pause consider karein
1183,English,Neutral,Gender/Role Specific,Family business sambhalna par raha hai temporarily,Semester freeze le kar aap responsibilities manage kar sakte hain
1184,RomanUrdu,Female,Personal/Family Issues,Meri shaadi fix ho gayi hai aur relocation ho rahi hai,Semester freeze allow hoti hai relocation ya marriage ki wajah se
1185,Mixed,Neutral,Local/Other Issues,Power outages aur internet disruption ke wajah se classes miss ho rahi hain. Is liye semester freeze request kar raha/rahi hoon,Semester pause request submit karein taake classes miss na ho. Advisor ne recommend kiya hai semester freeze lene ke liye
1186,Mixed,Female,Medical Issues,Accident hua hai aur physiotherapy chal rahi hai. Is liye semester freeze request kar raha/rahi hoon,Recovery ke liye semester freeze recommended hai. Advisor ne recommend kiya hai semester freeze lene ke liye
1187,English,Female,Financial Issues,Abbu ki job chali gayi hai is liye semester freeze chahiye,Temporary semester freeze allow ki ja sakti hai financial crisis ke liye
1188,Mixed,Neutral,Academic Issues,"CGPA below average hai, degree complete ho payegi ya nahi samajh nahi aa raha. Is liye semester freeze request kar raha/rahi hoon",Semester freeze ke dauran CGPA improve karne ka plan banayein. Advisor ne recommend kiya hai semester freeze lene ke liye
1189,Mixed,Neutral,Personal/Family Issues,Hostel band ho gaya aur transport ka issue hai. Is liye semester freeze request kar raha/rahi hoon,Semester pause kar sakte hain jab tak facility arrange na ho. Advisor ne recommend kiya hai semester freeze lene ke liye
1190,RomanUrdu,Female,Administrative Issues,"Lab aur lecture same time hai, attend nahi kar pa raha",Semester freeze consider karein jab tak schedule fix na ho
1191,English,Male,Gender/Role Specific,Childcare ki wajah se classes attend nahi ho pa rahi,Semester freeze request karein childcare ke liye
1192,RomanUrdu,Male,Personal/Family Issues,Family migration ki wajah se semester pause karna hai,Semester freeze allow hoti hai relocation ya migration case me
1193,RomanUrdu,Neutral,Administrative Issues,Degree extension ka issue hai aur guidance chahiye,Semester freeze ke sath degree extension process initiate karein
1194,Mixed,Male,Local/Other Issues,Protests aur political unrest ki wajah se campus nahi ja sakta. Is liye semester freeze request kar raha/rahi hoon,Temporary semester freeze consider karein. Advisor ne recommend kiya hai semester freeze lene ke liye
1195,RomanUrdu,Female,Mental Health,Anxiety attacks ki wajah se studies disturb ho rahi hain,Semester freeze le kar mental health improve karein
1196,Mixed,Male,Academic Issues,I dropped many courses and now I am confused what to enroll next. Is liye semester freeze request kar raha/rahi hoon,Academic advisor se consult karein aur proper enrollment plan banayein. Advisor ne recommend kiya hai semester freeze lene ke liye
1197,English,Female,Financial Issues,My fee is unpaid and family income suddenly stopped,Aapko fee installment request submit karni chahiye ya temporary semester freeze le sakte hain
1198,Mixed,Male,Medical Issues,Chronic pain ki wajah se classes attend nahi ho rahi. Is liye semester freeze request kar raha/rahi hoon,Medical certificate submit karein aur semester freeze request karein. Advisor ne recommend kiya hai semester freeze lene ke liye
1199,Mixed,Neutral,Financial Issues,I lost my scholarship and cannot afford this semester. Is liye semester freeze request kar raha/rahi hoon,Financial support ke liye advisor ya office se discuss karein. Advisor ne recommend kiya hai semester freeze lene ke liye
1200,RomanUrdu,Female,Local/Other Issues,Lab resource unavailable hai is liye semester freeze request kar raha/rahi hoon,Semester pause consider karein jab tak resources available na ho
1201,RomanUrdu,Neutral,Academic Issues,I failed PF and OOP both and I need time to prepare again,Aap semester freeze le sakte hain aur next semester me core subjects dobara enroll karein
1202,Mixed,Female,Personal/Family Issues,Family pressure hai ke main degree chor doon. Is liye semester freeze request kar raha/rahi hoon,Advisor se discuss karein aur semester freeze consider karein. Advisor ne recommend kiya hai semester freeze lene ke liye
1203,Mixed,Female,Gender/Role Specific,Childcare ki wajah se classes attend nahi ho pa rahi. Is liye semester freeze request kar raha/rahi hoon,Semester freeze request karein childcare ke liye. Advisor ne recommend kiya hai semester freeze lene ke liye
1204,RomanUrdu,Female,Personal/Family Issues,Family pressure hai ke main degree chor doon,Advisor se discuss karein aur semester freeze consider karein
1205,Mixed,Female,Mental Health,Depression ki wajah se classes miss ho rahi hain. Is liye semester freeze request kar raha/rahi hoon,Advisor ke saath discuss karein aur semester freeze lein. Advisor ne recommend kiya hai semester freeze lene ke liye
1206,RomanUrdu,Male,Gender/Role Specific,Male breadwinner responsibility hai is liye break chahiye,Semester freeze le kar aap family support kar sakte hain
1207,English,Male,Mental Health,Depression ki wajah se classes miss ho rahi hain,Advisor ke saath discuss karein aur semester freeze lein
1208,RomanUrdu,Female,Local/Other Issues,Lab resource unavailable hai is liye semester freeze request kar raha/rahi hoon,Semester pause consider karein jab tak resources available na ho
1209,RomanUrdu,Female,Local/Other Issues,Floods damaged roads and internet is not working,Semester freeze allow ki ja sakti hai disaster situations me
1210,Mixed,Female,Medical Issues,Accident hua hai aur physiotherapy chal rahi hai. Is liye semester freeze request kar raha/rahi hoon,Recovery ke liye semester freeze recommended hai. Advisor ne recommend kiya hai semester freeze lene ke liye
1211,RomanUrdu,Neutral,Personal/Family Issues,Mother bohat sick hain aur unka khayal rakhna hai,Semester freeze request karein taake aap family care kar sakein
1212,English,Male,Local/Other Issues,Competitive coaching ke liye semester pause karna zaroori hai,Semester freeze allow hoti hai professional training ke liye
1213,English,Male,Administrative Issues,Teacher change request process clear nahi hai,Advisor se guide lein aur semester pause consider karein
1214,Mixed,Neutral,Local/Other Issues,Floods damaged roads and internet is not working. Is liye semester freeze request kar raha/rahi hoon,Semester freeze allow ki ja sakti hai disaster situations me. Advisor ne recommend kiya hai semester freeze lene ke liye
1215,Mixed,Neutral,Mental Health,Mentally drained hoon aur semester manage nahi kar pa raha. Is liye semester freeze request kar raha/rahi hoon,Semester freeze ke dauran rest aur recovery pe focus karein. Advisor ne recommend kiya hai semester freeze lene ke liye
1216,English,Female,Medical Issues,Recovery after COVID ki wajah se classes miss ho rahi hain,Semester freeze recommended hai taake aap fully recover kar sakein
1217,English,Male,Mental Health,Mentally bohat exhausted feel kar raha hoon,Mental health ke liye temporary semester freeze consider karein
1218,English,Neutral,Personal/Family Issues,Mother bohat sick hain aur unka khayal rakhna hai,Semester freeze request karein taake aap family care kar sakein
1219,Mixed,Female,Personal/Family Issues,Ghar walay business sambhalne ko keh rahe hain. Is liye semester freeze request kar raha/rahi hoon,Temporary semester freeze le kar responsibilities manage karein. Advisor ne recommend kiya hai semester freeze lene ke liye
1220,English,Male,Financial Issues,Abbu ki job chali gayi hai is liye semester freeze chahiye,Temporary semester freeze allow ki ja sakti hai financial crisis ke liye
1221,Mixed,Male,Financial Issues,Abbu ki job chali gayi hai is liye semester freeze chahiye. Is liye semester freeze request kar raha/rahi hoon,Temporary semester freeze allow ki ja sakti hai financial crisis ke liye. Advisor ne recommend kiya hai semester freeze lene ke liye
1222,RomanUrdu,Male,Medical Issues,I had surgery and doctor ne complete rest kaha hai,Doctor certificate ke saath semester freeze le sakte hain
1223,English,Female,Medical Issues,Accident hua hai aur physiotherapy chal rahi hai,Recovery ke liye semester freeze recommended hai
1224,Mixed,Female,Personal/Family Issues,Family migration ki wajah se semester pause karna hai. Is liye semester freeze request kar raha/rahi hoon,Semester freeze allow hoti hai relocation ya migration case me. Advisor ne recommend kiya hai semester freeze lene ke liye
1225,English,Neutral,Financial Issues,Late fee fine lag gaya hai aur arrange nahi ho raha,Late fine waiver ya installment ke liye office se contact karein
1226,English,Neutral,Academic Issues,DSA is too hard for me and I need a break to improve basics,Semester freeze recommend kiya jata hai taake aap basics strong kar sakein
1227,RomanUrdu,Neutral,Administrative Issues,Degree extension ka issue hai aur guidance chahiye,Semester freeze ke sath degree extension process initiate karein
1228,Mixed,Male,Medical Issues,Recovery after COVID ki wajah se classes miss ho rahi hain. Is liye semester freeze request kar raha/rahi hoon,Semester freeze recommended hai taake aap fully recover kar sakein. Advisor ne recommend kiya hai semester freeze lene ke liye
1229,Mixed,Female,Academic Issues,DSA is too hard for me and I need a break to improve basics. Is liye semester freeze request kar raha/rahi hoon,Semester freeze recommend kiya jata hai taake aap basics strong kar sakein. Advisor ne recommend kiya hai semester freeze lene ke liye
1230,RomanUrdu,Female,Medical Issues,Recovery after COVID ki wajah se classes miss ho rahi hain,Semester freeze recommended hai taake aap fully recover kar sakein
1231,Mixed,Male,Local/Other Issues,Floods damaged roads and internet is not working. Is liye semester freeze request kar raha/rahi hoon,Semester freeze allow ki ja sakti hai disaster situations me. Advisor ne recommend kiya hai semester freeze lene ke liye
1232,Mixed,Male,Gender/Role Specific,Safety issues ki wajah se campus travel possible nahi. Is liye semester freeze request kar raha/rahi hoon,Temporary semester freeze request karein safety ke liye. Advisor ne recommend kiya hai semester freeze lene ke liye
1233,English,Neutral,Mental Health,Severe burnout ho gaya hai aur focus nahi ban raha,Semester pause karna aapke liye beneficial hoga
1234,English,Female,Medical Issues,Recovery after COVID ki wajah se classes miss ho rahi hain,Semester freeze recommended hai taake aap fully recover kar sakein
1235,English,Female,Gender/Role Specific,Father hospital mein hain aur mujhe ghar sambhalna hai,Semester pause allow hoti hai family care ke liye
1236,RomanUrdu,Male,Academic Issues,DSA is too hard for me and I need a break to improve basics,Semester freeze recommend kiya jata hai taake aap basics strong kar sakein
1237,English,Neutral,Personal/Family Issues,Family pressure hai ke main degree chor doon,Advisor se discuss karein aur semester freeze consider karein
1238,Mixed,Female,Gender/Role Specific,Pregnancy ki wajah se semester continue nahi kar sakti. Is liye semester freeze request kar raha/rahi hoon,Semester freeze allow hoti hai maternity reasons me. Advisor ne recommend kiya hai semester freeze lene ke liye
1239,English,Neutral,Medical Issues,Accident hua hai aur physiotherapy chal rahi hai,Recovery ke liye semester freeze recommended hai
1240,RomanUrdu,Male,Local/Other Issues,Transport strike ke wajah se classes attend nahi ho rahi,Semester freeze request karein jab tak transport restore na ho
1241,English,Neutral,Medical Issues,Accident hua hai aur physiotherapy chal rahi hai,Recovery ke liye semester freeze recommended hai
1242,RomanUrdu,Female,Local/Other Issues,Protests aur political unrest ki wajah se campus nahi ja sakta,Temporary semester freeze consider karein
1243,Mixed,Neutral,Local/Other Issues,Protests aur political unrest ki wajah se campus nahi ja sakta. Is liye semester freeze request kar raha/rahi hoon,Temporary semester freeze consider karein. Advisor ne recommend kiya hai semester freeze lene ke liye
1244,Mixed,Male,Gender/Role Specific,Family business sambhalna par raha hai temporarily. Is liye semester freeze request kar raha/rahi hoon,Semester freeze le kar aap responsibilities manage kar sakte hain. Advisor ne recommend kiya hai semester freeze lene ke liye
1245,English,Neutral,Medical Issues,Accident hua hai aur physiotherapy chal rahi hai,Recovery ke liye semester freeze recommended hai
1246,RomanUrdu,Neutral,Gender/Role Specific,Family business sambhalna par raha hai temporarily,Semester freeze le kar aap responsibilities manage kar sakte hain
1247,RomanUrdu,Neutral,Medical Issues,Accident hua hai aur physiotherapy chal rahi hai,Recovery ke liye semester freeze recommended hai
1248,Mixed,Female,Gender/Role Specific,Safety issues ki wajah se campus travel possible nahi. Is liye semester freeze request kar raha/rahi hoon,Temporary semester freeze request karein safety ke liye. Advisor ne recommend kiya hai semester freeze lene ke liye
1249,Mixed,Neutral,Gender/Role Specific,Pregnancy ki wajah se semester continue nahi kar sakti. Is liye semester freeze request kar raha/rahi hoon,Semester freeze allow hoti hai maternity reasons me. Advisor ne recommend kiya hai semester freeze lene ke liye
1250,English,Male,Personal/Family Issues,Hostel band ho gaya aur transport ka issue hai,Semester pause kar sakte hain jab tak facility arrange na ho
1251,English,Neutral,Personal/Family Issues,Meri shaadi fix ho gayi hai aur relocation ho rahi hai,Semester freeze allow hoti hai relocation ya marriage ki wajah se
1252,Mixed,Female,Academic Issues,Basics weak hain is liye advanced courses tough lag rahe hain. Is liye semester freeze request kar raha/rahi hoon,Foundation courses complete karne ke baad advance courses enroll karein. Advisor ne recommend kiya hai semester freeze lene ke liye
1253,Mixed,Neutral,Gender/Role Specific,Childcare ki wajah se classes attend nahi ho pa rahi. Is liye semester freeze request kar raha/rahi hoon,Semester freeze request karein childcare ke liye. Advisor ne recommend kiya hai semester freeze lene ke liye
1254,RomanUrdu,Neutral,Mental Health,Anxiety attacks ki wajah se studies disturb ho rahi hain,Semester freeze le kar mental health improve karein
1255,RomanUrdu,Male,Medical Issues,Chronic pain ki wajah se classes attend nahi ho rahi,Medical certificate submit karein aur semester freeze request karein
1256,English,Male,Administrative Issues,Timetable clash hai aur meri classes manage nahi ho rahi,Semester freeze request kar sakte hain jab timetable adjust ho
1257,Mixed,Neutral,Academic Issues,DSA is too hard for me and I need a break to improve basics. Is liye semester freeze request kar raha/rahi hoon,Semester freeze recommend kiya jata hai taake aap basics strong kar sakein. Advisor ne recommend kiya hai semester freeze lene ke liye
1258,English,Neutral,Financial Issues,My fee is unpaid and family income suddenly stopped,Aapko fee installment request submit karni chahiye ya temporary semester freeze le sakte hain
1259,English,Female,Gender/Role Specific,Childcare ki wajah se classes attend nahi ho pa rahi,Semester freeze request karein childcare ke liye
1260,RomanUrdu,Neutral,Medical Issues,Chronic pain ki wajah se classes attend nahi ho rahi,Medical certificate submit karein aur semester freeze request karein
1261,English,Male,Medical Issues,Accident hua hai aur physiotherapy chal rahi hai,Recovery ke liye semester freeze recommended hai
1262,English,Male,Local/Other Issues,Floods damaged roads and internet is not working,Semester freeze allow ki ja sakti hai disaster situations me
1263,RomanUrdu,Male,Mental Health,Mentally drained hoon aur semester manage nahi kar pa raha,Semester freeze ke dauran rest aur recovery pe focus karein
1264,English,Neutral,Gender/Role Specific,Safety issues ki wajah se campus travel possible nahi,Temporary semester freeze request karein safety ke liye
1265,Mixed,Male,Administrative Issues,Teacher change request process clear nahi hai. Is liye semester freeze request kar raha/rahi hoon,Advisor se guide lein aur semester pause consider karein. Advisor ne recommend kiya hai semester freeze lene ke liye
1266,Mixed,Neutral,Gender/Role Specific,Childcare ki wajah se classes attend nahi ho pa rahi. Is liye semester freeze request kar raha/rahi hoon,Semester freeze request karein childcare ke liye. Advisor ne recommend kiya hai semester freeze lene ke liye
1267,RomanUrdu,Male,Academic Issues,DSA is too hard for me and I need a break to improve basics,Semester freeze recommend kiya jata hai taake aap basics strong kar sakein
1268,English,Male,Medical Issues,Chronic pain ki wajah se classes attend nahi ho rahi,Medical certificate submit karein aur semester freeze request karein
1269,RomanUrdu,Male,Academic Issues,I dropped many courses and now I am confused what to enroll next,Academic advisor se consult karein aur proper enrollment plan banayein
1270,RomanUrdu,Neutral,Local/Other Issues,Floods damaged roads and internet is not working,Semester freeze allow ki ja sakti hai disaster situations me
1271,English,Neutral,Medical Issues,Accident hua hai aur physiotherapy chal rahi hai,Recovery ke liye semester freeze recommended hai
1272,RomanUrdu,Male,Local/Other Issues,Protests aur political unrest ki wajah se campus nahi ja sakta,Temporary semester freeze consider karein
1273,Mixed,Male,Local/Other Issues,Competitive coaching ke liye semester pause karna zaroori hai. Is liye semester freeze request kar raha/rahi hoon,Semester freeze allow hoti hai professional training ke liye. Advisor ne recommend kiya hai semester freeze lene ke liye
1274,Mixed,Neutral,Personal/Family Issues,Mother bohat sick hain aur unka khayal rakhna hai. Is liye semester freeze request kar raha/rahi hoon,Semester freeze request karein taake aap family care kar sakein. Advisor ne recommend kiya hai semester freeze lene ke liye
1275,RomanUrdu,Neutral,Administrative Issues,Degree extension ka issue hai aur guidance chahiye,Semester freeze ke sath degree extension process initiate karein
1276,English,Male,Personal/Family Issues,Hostel band ho gaya aur transport ka issue hai,Semester pause kar sakte hain jab tak facility arrange na ho
1277,Mixed,Neutral,Mental Health,Mentally bohat exhausted feel kar raha hoon. Is liye semester freeze request kar raha/rahi hoon,Mental health ke liye temporary semester freeze consider karein. Advisor ne recommend kiya hai semester freeze lene ke liye
1278,RomanUrdu,Male,Local/Other Issues,Power outages aur internet disruption ke wajah se classes miss ho rahi hain,Semester pause request submit karein taake classes miss na ho
1279,Mixed,Neutral,Financial Issues,Fees installment allow nahi ki ja rahi hai university policy ke wajah se. Is liye semester freeze request kar raha/rahi hoon,Office se discuss karein aur special request submit karein. Advisor ne recommend kiya hai semester freeze lene ke liye
1280,Mixed,Male,Financial Issues,Late fee fine lag gaya hai aur arrange nahi ho raha. Is liye semester freeze request kar raha/rahi hoon,Late fine waiver ya installment ke liye office se contact karein. Advisor ne recommend kiya hai semester freeze lene ke liye
1281,RomanUrdu,Neutral,Personal/Family Issues,Meri shaadi fix ho gayi hai aur relocation ho rahi hai,Semester freeze allow hoti hai relocation ya marriage ki wajah se
1282,English,Male,Financial Issues,My fee is unpaid and family income suddenly stopped,Aapko fee installment request submit karni chahiye ya temporary semester freeze le sakte hain
1283,English,Male,Gender/Role Specific,Childcare ki wajah se classes attend nahi ho pa rahi,Semester freeze request karein childcare ke liye
1284,English,Neutral,Personal/Family Issues,Hostel band ho gaya aur transport ka issue hai,Semester pause kar sakte hain jab tak facility arrange na ho
1285,English,Female,Financial Issues,Main temporary full time job kar raha hoon to support family,Semester freeze le kar aap work aur studies dono manage kar sakte hain
1286,Mixed,Neutral,Personal/Family Issues,Hostel band ho gaya aur transport ka issue hai. Is liye semester freeze request kar raha/rahi hoon,Semester pause kar sakte hain jab tak facility arrange na ho. Advisor ne recommend kiya hai semester freeze lene ke liye
1287,RomanUrdu,Male,Administrative Issues,Semester freeze policy properly samajh nahi aa rahi,Office se clarify karein aur request submit karein
1288,English,Neutral,Personal/Family Issues,Ghar walay business sambhalne ko keh rahe hain,Temporary semester freeze le kar responsibilities manage karein
1289,Mixed,Neutral,Administrative Issues,Teacher change request process clear nahi hai. Is liye semester freeze request kar raha/rahi hoon,Advisor se guide lein aur semester pause consider karein. Advisor ne recommend kiya hai semester freeze lene ke liye
1290,Mixed,Female,Financial Issues,My fee is unpaid and family income suddenly stopped. Is liye semester freeze request kar raha/rahi hoon,Aapko fee installment request submit karni chahiye ya temporary semester freeze le sakte hain. Advisor ne recommend kiya hai semester freeze lene ke liye
1291,English,Male,Medical Issues,Major illness ke wajah se semester continue nahi kar sakta,Semester freeze allow ki ja sakti hai illness ke liye
1292,English,Male,Gender/Role Specific,Family business sambhalna par raha hai temporarily,Semester freeze le kar aap responsibilities manage kar sakte hain
1293,Mixed,Male,Medical Issues,Recovery after COVID ki wajah se classes miss ho rahi hain. Is liye semester freeze request kar raha/rahi hoon,Semester freeze recommended hai taake aap fully recover kar sakein. Advisor ne recommend kiya hai semester freeze lene ke liye
1294,RomanUrdu,Neutral,Administrative Issues,Mujhe 4pm ke baad class attend karna possible nahi,Semester freeze allow ki ja sakti hai timing issues me
1295,English,Male,Gender/Role Specific,Family business sambhalna par raha hai temporarily,Semester freeze le kar aap responsibilities manage kar sakte hain
1296,Mixed,Female,Academic Issues,I dropped many courses and now I am confused what to enroll next. Is liye semester freeze request kar raha/rahi hoon,Academic advisor se consult karein aur proper enrollment plan banayein. Advisor ne recommend kiya hai semester freeze lene ke liye
1297,English,Female,Personal/Family Issues,Ghar walay business sambhalne ko keh rahe hain,Temporary semester freeze le kar responsibilities manage karein
1298,English,Neutral,Local/Other Issues,Lab resource unavailable hai is liye semester freeze request kar raha/rahi hoon,Semester pause consider karein jab tak resources available na ho
1299,RomanUrdu,Female,Local/Other Issues,Competitive coaching ke liye semester pause karna zaroori hai,Semester freeze allow hoti hai professional training ke liye
1300,English,Neutral,Financial Issues,Abbu ki job chali gayi hai is liye semester freeze chahiye,Temporary semester freeze allow ki ja sakti hai financial crisis ke liye
1301,RomanUrdu,Female,Gender/Role Specific,Safety issues ki wajah se campus travel possible nahi,Temporary semester freeze request karein safety ke liye
1302,English,Male,Personal/Family Issues,Family pressure hai ke main degree chor doon,Advisor se discuss karein aur semester freeze consider karein
1303,RomanUrdu,Neutral,Medical Issues,Chronic pain ki wajah se classes attend nahi ho rahi,Medical certificate submit karein aur semester freeze request karein
1304,English,Male,Personal/Family Issues,Hostel band ho gaya aur transport ka issue hai,Semester pause kar sakte hain jab tak facility arrange na ho
1305,RomanUrdu,Female,Gender/Role Specific,Childcare ki wajah se classes attend nahi ho pa rahi,Semester freeze request karein childcare ke liye
1306,English,Male,Administrative Issues,"Lab aur lecture same time hai, attend nahi kar pa raha",Semester freeze consider karein jab tak schedule fix na ho
1307,Mixed,Neutral,Medical Issues,Medical condition ki wajah se campus ana possible nahi. Is liye semester freeze request kar raha/rahi hoon,Semester freeze submit karen taake aap recovery pe focus karein. Advisor ne recommend kiya hai semester freeze lene ke liye
1308,English,Female,Administrative Issues,Degree extension ka issue hai aur guidance chahiye,Semester freeze ke sath degree extension process initiate karein
1309,English,Male,Academic Issues,DSA is too hard for me and I need a break to improve basics,Semester freeze recommend kiya jata hai taake aap basics strong kar sakein
1310,Mixed,Male,Gender/Role Specific,Pregnancy ki wajah se semester continue nahi kar sakti. Is liye semester freeze request kar raha/rahi hoon,Semester freeze allow hoti hai maternity reasons me. Advisor ne recommend kiya hai semester freeze lene ke liye
1311,RomanUrdu,Female,Medical Issues,Medical condition ki wajah se campus ana possible nahi,Semester freeze submit karen taake aap recovery pe focus karein
1312,Mixed,Male,Medical Issues,Major illness ke wajah se semester continue nahi kar sakta. Is liye semester freeze request kar raha/rahi hoon,Semester freeze allow ki ja sakti hai illness ke liye. Advisor ne recommend kiya hai semester freeze lene ke liye
1313,RomanUrdu,Male,Administrative Issues,Mujhe 4pm ke baad class attend karna possible nahi,Semester freeze allow ki ja sakti hai timing issues me
1314,Mixed,Female,Financial Issues,Abbu ki job chali gayi hai is liye semester freeze chahiye. Is liye semester freeze request kar raha/rahi hoon,Temporary semester freeze allow ki ja sakti hai financial crisis ke liye. Advisor ne recommend kiya hai semester freeze lene ke liye
1315,English,Female,Mental Health,Stress ki wajah se exams par focus nahi ho raha,Semester freeze allow hoti hai stress aur burnout ke cases me
1316,English,Female,Administrative Issues,Mujhe 4pm ke baad class attend karna possible nahi,Semester freeze allow ki ja sakti hai timing issues me
1317,RomanUrdu,Male,Medical Issues,Major illness ke wajah se semester continue nahi kar sakta,Semester freeze allow ki ja sakti hai illness ke liye
1318,English,Female,Academic Issues,I dropped many courses and now I am confused what to enroll next,Academic advisor se consult karein aur proper enrollment plan banayein
1319,English,Female,Administrative Issues,Teacher change request process clear nahi hai,Advisor se guide lein aur semester pause consider karein
1320,English,Female,Personal/Family Issues,Hostel band ho gaya aur transport ka issue hai,Semester pause kar sakte hain jab tak facility arrange na ho
1321,English,Neutral,Local/Other Issues,Power outages aur internet disruption ke wajah se classes miss ho rahi hain,Semester pause request submit karein taake classes miss na ho
1322,English,Male,Local/Other Issues,Floods damaged roads and internet is not working,Semester freeze allow ki ja sakti hai disaster situations me
1323,RomanUrdu,Female,Medical Issues,Recovery after COVID ki wajah se classes miss ho rahi hain,Semester freeze recommended hai taake aap fully recover kar sakein
1324,English,Male,Local/Other Issues,Floods damaged roads and internet is not working,Semester freeze allow ki ja sakti hai disaster situations me
1325,Mixed,Neutral,Medical Issues,Medical condition ki wajah se campus ana possible nahi. Is liye semester freeze request kar raha/rahi hoon,Semester freeze submit karen taake aap recovery pe focus karein. Advisor ne recommend kiya hai semester freeze lene ke liye
1326,English,Male,Gender/Role Specific,Safety issues ki wajah se campus travel possible nahi,Temporary semester freeze request karein safety ke liye
1327,Mixed,Female,Personal/Family Issues,Ghar walay business sambhalne ko keh rahe hain. Is liye semester freeze request kar raha/rahi hoon,Temporary semester freeze le kar responsibilities manage karein. Advisor ne recommend kiya hai semester freeze lene ke liye
1328,Mixed,Female,Medical Issues,Recovery after COVID ki wajah se classes miss ho rahi hain. Is liye semester freeze request kar raha/rahi hoon,Semester freeze recommended hai taake aap fully recover kar sakein. Advisor ne recommend kiya hai semester freeze lene ke liye
1329,English,Neutral,Administrative Issues,Timetable clash hai aur meri classes manage nahi ho rahi,Semester freeze request kar sakte hain jab timetable adjust ho
1330,RomanUrdu,Female,Gender/Role Specific,Childcare ki wajah se classes attend nahi ho pa rahi,Semester freeze request karein childcare ke liye
1331,RomanUrdu,Neutral,Gender/Role Specific,Father hospital mein hain aur mujhe ghar sambhalna hai,Semester pause allow hoti hai family care ke liye
1332,Mixed,Male,Administrative Issues,Teacher change request process clear nahi hai. Is liye semester freeze request kar raha/rahi hoon,Advisor se guide lein aur semester pause consider karein. Advisor ne recommend kiya hai semester freeze lene ke liye
1333,Mixed,Male,Personal/Family Issues,Family migration ki wajah se semester pause karna hai. Is liye semester freeze request kar raha/rahi hoon,Semester freeze allow hoti hai relocation ya migration case me. Advisor ne recommend kiya hai semester freeze lene ke liye
1334,English,Female,Academic Issues,"CGPA below average hai, degree complete ho payegi ya nahi samajh nahi aa raha",Semester freeze ke dauran CGPA improve karne ka plan banayein
1335,English,Male,Local/Other Issues,Protests aur political unrest ki wajah se campus nahi ja sakta,Temporary semester freeze consider karein
1336,English,Neutral,Local/Other Issues,Transport strike ke wajah se classes attend nahi ho rahi,Semester freeze request karein jab tak transport restore na ho
1337,Mixed,Male,Gender/Role Specific,Pregnancy ki wajah se semester continue nahi kar sakti. Is liye semester freeze request kar raha/rahi hoon,Semester freeze allow hoti hai maternity reasons me. Advisor ne recommend kiya hai semester freeze lene ke liye
1338,English,Neutral,Gender/Role Specific,Father hospital mein hain aur mujhe ghar sambhalna hai,Semester pause allow hoti hai family care ke liye
1339,Mixed,Neutral,Financial Issues,I lost my scholarship and cannot afford this semester. Is liye semester freeze request kar raha/rahi hoon,Financial support ke liye advisor ya office se discuss karein. Advisor ne recommend kiya hai semester freeze lene ke liye
1340,RomanUrdu,Female,Medical Issues,Major illness ke wajah se semester continue nahi kar sakta,Semester freeze allow ki ja sakti hai illness ke liye
1341,RomanUrdu,Neutral,Mental Health,Anxiety attacks ki wajah se studies disturb ho rahi hain,Semester freeze le kar mental health improve karein
1342,Mixed,Neutral,Mental Health,Severe burnout ho gaya hai aur focus nahi ban raha. Is liye semester freeze request kar raha/rahi hoon,Semester pause karna aapke liye beneficial hoga. Advisor ne recommend kiya hai semester freeze lene ke liye
1343,RomanUrdu,Male,Financial Issues,Fees installment allow nahi ki ja rahi hai university policy ke wajah se,Office se discuss karein aur special request submit karein
1344,English,Neutral,Personal/Family Issues,Hostel band ho gaya aur transport ka issue hai,Semester pause kar sakte hain jab tak facility arrange na ho
1345,English,Neutral,Personal/Family Issues,Meri shaadi fix ho gayi hai aur relocation ho rahi hai,Semester freeze allow hoti hai relocation ya marriage ki wajah se
1346,RomanUrdu,Female,Mental Health,Stress ki wajah se exams par focus nahi ho raha,Semester freeze allow hoti hai stress aur burnout ke cases me
1347,Mixed,Female,Local/Other Issues,Power outages aur internet disruption ke wajah se classes miss ho rahi hain. Is liye semester freeze request kar raha/rahi hoon,Semester pause request submit karein taake classes miss na ho. Advisor ne recommend kiya hai semester freeze lene ke liye
1348,Mixed,Male,Medical Issues,Major illness ke wajah se semester continue nahi kar sakta. Is liye semester freeze request kar raha/rahi hoon,Semester freeze allow ki ja sakti hai illness ke liye. Advisor ne recommend kiya hai semester freeze lene ke liye
1349,English,Neutral,Mental Health,Mentally bohat exhausted feel kar raha hoon,Mental health ke liye temporary semester freeze consider karein
1350,Mixed,Neutral,Gender/Role Specific,Family business sambhalna par raha hai temporarily. Is liye semester freeze request kar raha/rahi hoon,Semester freeze le kar aap responsibilities manage kar sakte hain. Advisor ne recommend kiya hai semester freeze lene ke liye
1351,English,Female,Financial Issues,I lost my scholarship and cannot afford this semester,Financial support ke liye advisor ya office se discuss karein
1352,English,Male,Gender/Role Specific,Father hospital mein hain aur mujhe ghar sambhalna hai,Semester pause allow hoti hai family care ke liye
1353,English,Female,Financial Issues,Late fee fine lag gaya hai aur arrange nahi ho raha,Late fine waiver ya installment ke liye office se contact karein
1354,English,Female,Administrative Issues,Teacher change request process clear nahi hai,Advisor se guide lein aur semester pause consider karein
1355,English,Male,Academic Issues,DSA is too hard for me and I need a break to improve basics,Semester freeze recommend kiya jata hai taake aap basics strong kar sakein
1356,English,Female,Administrative Issues,Degree extension ka issue hai aur guidance chahiye,Semester freeze ke sath degree extension process initiate karein
1357,English,Male,Local/Other Issues,Competitive coaching ke liye semester pause karna zaroori hai,Semester freeze allow hoti hai professional training ke liye
1358,RomanUrdu,Female,Financial Issues,Abbu ki job chali gayi hai is liye semester freeze chahiye,Temporary semester freeze allow ki ja sakti hai financial crisis ke liye
1359,Mixed,Neutral,Personal/Family Issues,Ghar walay business sambhalne ko keh rahe hain. Is liye semester freeze request kar raha/rahi hoon,Temporary semester freeze le kar responsibilities manage karein. Advisor ne recommend kiya hai semester freeze lene ke liye
1360,Mixed,Female,Administrative Issues,Teacher change request process clear nahi hai. Is liye semester freeze request kar raha/rahi hoon,Advisor se guide lein aur semester pause consider karein. Advisor ne recommend kiya hai semester freeze lene ke liye
1361,RomanUrdu,Female,Local/Other Issues,Protests aur political unrest ki wajah se campus nahi ja sakta,Temporary semester freeze consider karein
1362,RomanUrdu,Neutral,Academic Issues,Basics weak hain is liye advanced courses tough lag rahe hain,Foundation courses complete karne ke baad advance courses enroll karein
1363,English,Neutral,Medical Issues,Major illness ke wajah se semester continue nahi kar sakta,Semester freeze allow ki ja sakti hai illness ke liye
1364,Mixed,Neutral,Medical Issues,Major illness ke wajah se semester continue nahi kar sakta. Is liye semester freeze request kar raha/rahi hoon,Semester freeze allow ki ja sakti hai illness ke liye. Advisor ne recommend kiya hai semester freeze lene ke liye
1365,Mixed,Neutral,Academic Issues,DSA is too hard for me and I need a break to improve basics. Is liye semester freeze request kar raha/rahi hoon,Semester freeze recommend kiya jata hai taake aap basics strong kar sakein. Advisor ne recommend kiya hai semester freeze lene ke liye
1366,RomanUrdu,Neutral,Gender/Role Specific,Father hospital mein hain aur mujhe ghar sambhalna hai,Semester pause allow hoti hai family care ke liye
1367,English,Female,Gender/Role Specific,Pregnancy ki wajah se semester continue nahi kar sakti,Semester freeze allow hoti hai maternity reasons me
1368,English,Male,Medical Issues,I had surgery and doctor ne complete rest kaha hai,Doctor certificate ke saath semester freeze le sakte hain
1369,English,Female,Financial Issues,My fee is unpaid and family income suddenly stopped,Aapko fee installment request submit karni chahiye ya temporary semester freeze le sakte hain
1370,English,Neutral,Mental Health,Stress ki wajah se exams par focus nahi ho raha,Semester freeze allow hoti hai stress aur burnout ke cases me
1371,English,Female,Academic Issues,Basics weak hain is liye advanced courses tough lag rahe hain,Foundation courses complete karne ke baad advance courses enroll karein
1372,RomanUrdu,Neutral,Financial Issues,My fee is unpaid and family income suddenly stopped,Aapko fee installment request submit karni chahiye ya temporary semester freeze le sakte hain
1373,English,Female,Mental Health,Severe burnout ho gaya hai aur focus nahi ban raha,Semester pause karna aapke liye beneficial hoga
1374,RomanUrdu,Male,Academic Issues,"CGPA below average hai, degree complete ho payegi ya nahi samajh nahi aa raha",Semester freeze ke dauran CGPA improve karne ka plan banayein
1375,RomanUrdu,Male,Financial Issues,I lost my scholarship and cannot afford this semester,Financial support ke liye advisor ya office se discuss karein
1376,English,Neutral,Mental Health,Depression ki wajah se classes miss ho rahi hain,Advisor ke saath discuss karein aur semester freeze lein
1377,English,Male,Academic Issues,Credit hours overload ho gaye hain aur handle nahi ho raha,Semester freeze le kar workload manage karein
1378,RomanUrdu,Male,Academic Issues,DSA is too hard for me and I need a break to improve basics,Semester freeze recommend kiya jata hai taake aap basics strong kar sakein
1379,RomanUrdu,Neutral,Gender/Role Specific,Male breadwinner responsibility hai is liye break chahiye,Semester freeze le kar aap family support kar sakte hain
1380,Mixed,Female,Academic Issues,"CGPA below average hai, degree complete ho payegi ya nahi samajh nahi aa raha. Is liye semester freeze request kar raha/rahi hoon",Semester freeze ke dauran CGPA improve karne ka plan banayein. Advisor ne recommend kiya hai semester freeze lene ke liye
1381,English,Male,Gender/Role Specific,Childcare ki wajah se classes attend nahi ho pa rahi,Semester freeze request karein childcare ke liye
1382,RomanUrdu,Neutral,Administrative Issues,Timetable clash hai aur meri classes manage nahi ho rahi,Semester freeze request kar sakte hain jab timetable adjust ho
1383,Mixed,Neutral,Mental Health,Anxiety attacks ki wajah se studies disturb ho rahi hain. Is liye semester freeze request kar raha/rahi hoon,Semester freeze le kar mental health improve karein. Advisor ne recommend kiya hai semester freeze lene ke liye
1384,RomanUrdu,Female,Medical Issues,I had surgery and doctor ne complete rest kaha hai,Doctor certificate ke saath semester freeze le sakte hain
1385,Mixed,Neutral,Financial Issues,My fee is unpaid and family income suddenly stopped. Is liye semester freeze request kar raha/rahi hoon,Aapko fee installment request submit karni chahiye ya temporary semester freeze le sakte hain. Advisor ne recommend kiya hai semester freeze lene ke liye
1386,RomanUrdu,Male,Financial Issues,My fee is unpaid and family income suddenly stopped,Aapko fee installment request submit karni chahiye ya temporary semester freeze le sakte hain
1387,English,Male,Gender/Role Specific,Childcare ki wajah se classes attend nahi ho pa rahi,Semester freeze request karein childcare ke liye
1388,English,Male,Medical Issues,Recovery after COVID ki wajah se classes miss ho rahi hain,Semester freeze recommended hai taake aap fully recover kar sakein
1389,Mixed,Neutral,Local/Other Issues,Floods damaged roads and internet is not working. Is liye semester freeze request kar raha/rahi hoon,Semester freeze allow ki ja sakti hai disaster situations me. Advisor ne recommend kiya hai semester freeze lene ke liye
1390,English,Male,Personal/Family Issues,Meri shaadi fix ho gayi hai aur relocation ho rahi hai,Semester freeze allow hoti hai relocation ya marriage ki wajah se
1391,English,Male,Mental Health,Severe burnout ho gaya hai aur focus nahi ban raha,Semester pause karna aapke liye beneficial hoga
1392,Mixed,Neutral,Personal/Family Issues,Mother bohat sick hain aur unka khayal rakhna hai. Is liye semester freeze request kar raha/rahi hoon,Semester freeze request karein taake aap family care kar sakein. Advisor ne recommend kiya hai semester freeze lene ke liye
1393,English,Male,Local/Other Issues,Transport strike ke wajah se classes attend nahi ho rahi,Semester freeze request karein jab tak transport restore na ho
1394,Mixed,Neutral,Local/Other Issues,Transport strike ke wajah se classes attend nahi ho rahi. Is liye semester freeze request kar raha/rahi hoon,Semester freeze request karein jab tak transport restore na ho. Advisor ne recommend kiya hai semester freeze lene ke liye
1395,English,Neutral,Local/Other Issues,Lab resource unavailable hai is liye semester freeze request kar raha/rahi hoon,Semester pause consider karein jab tak resources available na ho
1396,English,Male,Local/Other Issues,Transport strike ke wajah se classes attend nahi ho rahi,Semester freeze request karein jab tak transport restore na ho
1397,RomanUrdu,Male,Gender/Role Specific,Male breadwinner responsibility hai is liye break chahiye,Semester freeze le kar aap family support kar sakte hain
1398,RomanUrdu,Neutral,Gender/Role Specific,Male breadwinner responsibility hai is liye break chahiye,Semester freeze le kar aap family support kar sakte hain
1399,English,Female,Academic Issues,I dropped many courses and now I am confused what to enroll next,Academic advisor se consult karein aur proper enrollment plan banayein
1400,English,Female,Administrative Issues,Degree extension ka issue hai aur guidance chahiye,Semester freeze ke sath degree extension process initiate karein
1401,English,Female,Financial Issues,Abbu ki job chali gayi hai is liye semester freeze chahiye,Temporary semester freeze allow ki ja sakti hai financial crisis ke liye
1402,RomanUrdu,Neutral,Medical Issues,I had surgery and doctor ne complete rest kaha hai,Doctor certificate ke saath semester freeze le sakte hain
1403,English,Male,Academic Issues,Credit hours overload ho gaye hain aur handle nahi ho raha,Semester freeze le kar workload manage karein
1404,RomanUrdu,Neutral,Administrative Issues,Teacher change request process clear nahi hai,Advisor se guide lein aur semester pause consider karein
1405,RomanUrdu,Male,Financial Issues,Late fee fine lag gaya hai aur arrange nahi ho raha,Late fine waiver ya installment ke liye office se contact karein
1406,Mixed,Neutral,Financial Issues,My fee is unpaid and family income suddenly stopped. Is liye semester freeze request kar raha/rahi hoon,Aapko fee installment request submit karni chahiye ya temporary semester freeze le sakte hain. Advisor ne recommend kiya hai semester freeze lene ke liye
1407,Mixed,Male,Financial Issues,Late fee fine lag gaya hai aur arrange nahi ho raha. Is liye semester freeze request kar raha/rahi hoon,Late fine waiver ya installment ke liye office se contact karein. Advisor ne recommend kiya hai semester freeze lene ke liye
1408,RomanUrdu,Female,Gender/Role Specific,Childcare ki wajah se classes attend nahi ho pa rahi,Semester freeze request karein childcare ke liye
1409,RomanUrdu,Neutral,Mental Health,Depression ki wajah se classes miss ho rahi hain,Advisor ke saath discuss karein aur semester freeze lein
1410,English,Female,Medical Issues,Recovery after COVID ki wajah se classes miss ho rahi hain,Semester freeze recommended hai taake aap fully recover kar sakein
1411,RomanUrdu,Male,Financial Issues,My fee is unpaid and family income suddenly stopped,Aapko fee installment request submit karni chahiye ya temporary semester freeze le sakte hain
1412,English,Female,Administrative Issues,Semester freeze policy properly samajh nahi aa rahi,Office se clarify karein aur request submit karein
1413,English,Male,Academic Issues,I failed PF and OOP both and I need time to prepare again,Aap semester freeze le sakte hain aur next semester me core subjects dobara enroll karein
1414,English,Female,Mental Health,Stress ki wajah se exams par focus nahi ho raha,Semester freeze allow hoti hai stress aur burnout ke cases me
1415,Mixed,Female,Local/Other Issues,Protests aur political unrest ki wajah se campus nahi ja sakta. Is liye semester freeze request kar raha/rahi hoon,Temporary semester freeze consider karein. Advisor ne recommend kiya hai semester freeze lene ke liye
1416,English,Female,Academic Issues,I failed PF and OOP both and I need time to prepare again,Aap semester freeze le sakte hain aur next semester me core subjects dobara enroll karein
1417,RomanUrdu,Male,Medical Issues,I had surgery and doctor ne complete rest kaha hai,Doctor certificate ke saath semester freeze le sakte hain
1418,English,Neutral,Mental Health,Severe burnout ho gaya hai aur focus nahi ban raha,Semester pause karna aapke liye beneficial hoga
1419,English,Neutral,Administrative Issues,Semester freeze policy properly samajh nahi aa rahi,Office se clarify karein aur request submit karein
1420,English,Female,Medical Issues,Chronic pain ki wajah se classes attend nahi ho rahi,Medical certificate submit karein aur semester freeze request karein
1421,English,Female,Local/Other Issues,Power outages aur internet disruption ke wajah se classes miss ho rahi hain,Semester pause request submit karein taake classes miss na ho
1422,English,Neutral,Medical Issues,Major illness ke wajah se semester continue nahi kar sakta,Semester freeze allow ki ja sakti hai illness ke liye
1423,English,Neutral,Mental Health,Mentally bohat exhausted feel kar raha hoon,Mental health ke liye temporary semester freeze consider karein
1424,English,Female,Medical Issues,Chronic pain ki wajah se classes attend nahi ho rahi,Medical certificate submit karein aur semester freeze request karein
1425,English,Male,Financial Issues,Main temporary full time job kar raha hoon to support family,Semester freeze le kar aap work aur studies dono manage kar sakte hain
1426,English,Female,Mental Health,Mentally drained hoon aur semester manage nahi kar pa raha,Semester freeze ke dauran rest aur recovery pe focus karein
1427,Mixed,Female,Mental Health,Severe burnout ho gaya hai aur focus nahi ban raha. Is liye semester freeze request kar raha/rahi hoon,Semester pause karna aapke liye beneficial hoga. Advisor ne recommend kiya hai semester freeze lene ke liye
1428,RomanUrdu,Neutral,Academic Issues,I failed PF and OOP both and I need time to prepare again,Aap semester freeze le sakte hain aur next semester me core subjects dobara enroll karein
1429,Mixed,Neutral,Mental Health,Mentally drained hoon aur semester manage nahi kar pa raha. Is liye semester freeze request kar raha/rahi hoon,Semester freeze ke dauran rest aur recovery pe focus karein. Advisor ne recommend kiya hai semester freeze lene ke liye
1430,Mixed,Male,Mental Health,Stress ki wajah se exams par focus nahi ho raha. Is liye semester freeze request kar raha/rahi hoon,Semester freeze allow hoti hai stress aur burnout ke cases me. Advisor ne recommend kiya hai semester freeze lene ke liye
1431,RomanUrdu,Male,Medical Issues,Chronic pain ki wajah se classes attend nahi ho rahi,Medical certificate submit karein aur semester freeze request karein
1432,Mixed,Female,Mental Health,Anxiety attacks ki wajah se studies disturb ho rahi hain. Is liye semester freeze request kar raha/rahi hoon,Semester freeze le kar mental health improve karein. Advisor ne recommend kiya hai semester freeze lene ke liye
1433,Mixed,Neutral,Personal/Family Issues,Ghar walay business sambhalne ko keh rahe hain. Is liye semester freeze request kar raha/rahi hoon,Temporary semester freeze le kar responsibilities manage karein. Advisor ne recommend kiya hai semester freeze lene ke liye
1434,English,Neutral,Mental Health,Mentally bohat exhausted feel kar raha hoon,Mental health ke liye temporary semester freeze consider karein
1435,RomanUrdu,Neutral,Administrative Issues,Degree extension ka issue hai aur guidance chahiye,Semester freeze ke sath degree extension process initiate karein
1436,RomanUrdu,Neutral,Gender/Role Specific,Pregnancy ki wajah se semester continue nahi kar sakti,Semester freeze allow hoti hai maternity reasons me
1437,Mixed,Male,Financial Issues,Fees installment allow nahi ki ja rahi hai university policy ke wajah se. Is liye semester freeze request kar raha/rahi hoon,Office se discuss karein aur special request submit karein. Advisor ne recommend kiya hai semester freeze lene ke liye
1438,Mixed,Male,Academic Issues,I failed PF and OOP both and I need time to prepare again. Is liye semester freeze request kar raha/rahi hoon,Aap semester freeze le sakte hain aur next semester me core subjects dobara enroll karein. Advisor ne recommend kiya hai semester freeze lene ke liye
1439,RomanUrdu,Neutral,Medical Issues,Chronic pain ki wajah se classes attend nahi ho rahi,Medical certificate submit karein aur semester freeze request karein
1440,English,Female,Local/Other Issues,Protests aur political unrest ki wajah se campus nahi ja sakta,Temporary semester freeze consider karein
1441,Mixed,Male,Personal/Family Issues,Ghar walay business sambhalne ko keh rahe hain. Is liye semester freeze request kar raha/rahi hoon,Temporary semester freeze le kar responsibilities manage karein. Advisor ne recommend kiya hai semester freeze lene ke liye
1442,RomanUrdu,Neutral,Academic Issues,DSA is too hard for me and I need a break to improve basics,Semester freeze recommend kiya jata hai taake aap basics strong kar sakein
1443,English,Female,Mental Health,Depression ki wajah se classes miss ho rahi hain,Advisor ke saath discuss karein aur semester freeze lein
1444,Mixed,Neutral,Gender/Role Specific,Male breadwinner responsibility hai is liye break chahiye. Is liye semester freeze request kar raha/rahi hoon,Semester freeze le kar aap family support kar sakte hain. Advisor ne recommend kiya hai semester freeze lene ke liye
1445,English,Female,Financial Issues,I lost my scholarship and cannot afford this semester,Financial support ke liye advisor ya office se discuss karein
1446,RomanUrdu,Female,Financial Issues,Fees installment allow nahi ki ja rahi hai university policy ke wajah se,Office se discuss karein aur special request submit karein
1447,RomanUrdu,Male,Medical Issues,Medical condition ki wajah se campus ana possible nahi,Semester freeze submit karen taake aap recovery pe focus karein
1448,Mixed,Neutral,Mental Health,Mentally drained hoon aur semester manage nahi kar pa raha. Is liye semester freeze request kar raha/rahi hoon,Semester freeze ke dauran rest aur recovery pe focus karein. Advisor ne recommend kiya hai semester freeze lene ke liye
1449,Mixed,Neutral,Financial Issues,Abbu ki job chali gayi hai is liye semester freeze chahiye. Is liye semester freeze request kar raha/rahi hoon,Temporary semester freeze allow ki ja sakti hai financial crisis ke liye. Advisor ne recommend kiya hai semester freeze lene ke liye
1450,English,Male,Administrative Issues,"Lab aur lecture same time hai, attend nahi kar pa raha",Semester freeze consider karein jab tak schedule fix na ho
1451,RomanUrdu,Female,Medical Issues,Major illness ke wajah se semester continue nahi kar sakta,Semester freeze allow ki ja sakti hai illness ke liye
1452,English,Female,Financial Issues,Abbu ki job chali gayi hai is liye semester freeze chahiye,Temporary semester freeze allow ki ja sakti hai financial crisis ke liye
1453,English,Female,Mental Health,Mentally drained hoon aur semester manage nahi kar pa raha,Semester freeze ke dauran rest aur recovery pe focus karein
1454,Mixed,Male,Medical Issues,Major illness ke wajah se semester continue nahi kar sakta. Is liye semester freeze request kar raha/rahi hoon,Semester freeze allow ki ja sakti hai illness ke liye. Advisor ne recommend kiya hai semester freeze lene ke liye
1455,English,Neutral,Personal/Family Issues,Family migration ki wajah se semester pause karna hai,Semester freeze allow hoti hai relocation ya migration case me
1456,English,Male,Medical Issues,Chronic pain ki wajah se classes attend nahi ho rahi,Medical certificate submit karein aur semester freeze request karein
1457,English,Male,Financial Issues,I lost my scholarship and cannot afford this semester,Financial support ke liye advisor ya office se discuss karein
1458,English,Female,Academic Issues,DSA is too hard for me and I need a break to improve basics,Semester freeze recommend kiya jata hai taake aap basics strong kar sakein
1459,English,Male,Local/Other Issues,Power outages aur internet disruption ke wajah se classes miss ho rahi hain,Semester pause request submit karein taake classes miss na ho
1460,RomanUrdu,Male,Administrative Issues,"Lab aur lecture same time hai, attend nahi kar pa raha",Semester freeze consider karein jab tak schedule fix na ho
1461,Mixed,Male,Mental Health,Severe burnout ho gaya hai aur focus nahi ban raha. Is liye semester freeze request kar raha/rahi hoon,Semester pause karna aapke liye beneficial hoga. Advisor ne recommend kiya hai semester freeze lene ke liye
1462,RomanUrdu,Neutral,Administrative Issues,Timetable clash hai aur meri classes manage nahi ho rahi,Semester freeze request kar sakte hain jab timetable adjust ho
1463,English,Male,Administrative Issues,"Lab aur lecture same time hai, attend nahi kar pa raha",Semester freeze consider karein jab tak schedule fix na ho
1464,RomanUrdu,Neutral,Financial Issues,Main temporary full time job kar raha hoon to support family,Semester freeze le kar aap work aur studies dono manage kar sakte hain
1465,Mixed,Female,Academic Issues,Basics weak hain is liye advanced courses tough lag rahe hain. Is liye semester freeze request kar raha/rahi hoon,Foundation courses complete karne ke baad advance courses enroll karein. Advisor ne recommend kiya hai semester freeze lene ke liye
1466,English,Neutral,Gender/Role Specific,Male breadwinner responsibility hai is liye break chahiye,Semester freeze le kar aap family support kar sakte hain
1467,RomanUrdu,Male,Mental Health,Stress ki wajah se exams par focus nahi ho raha,Semester freeze allow hoti hai stress aur burnout ke cases me
1468,English,Neutral,Administrative Issues,Semester freeze policy properly samajh nahi aa rahi,Office se clarify karein aur request submit karein
1469,English,Male,Local/Other Issues,Power outages aur internet disruption ke wajah se classes miss ho rahi hain,Semester pause request submit karein taake classes miss na ho
1470,RomanUrdu,Female,Financial Issues,Late fee fine lag gaya hai aur arrange nahi ho raha,Late fine waiver ya installment ke liye office se contact karein
1471,RomanUrdu,Female,Gender/Role Specific,Pregnancy ki wajah se semester continue nahi kar sakti,Semester freeze allow hoti hai maternity reasons me
1472,RomanUrdu,Female,Gender/Role Specific,Family business sambhalna par raha hai temporarily,Semester freeze le kar aap responsibilities manage kar sakte hain
1473,RomanUrdu,Neutral,Mental Health,Mentally bohat exhausted feel kar raha hoon,Mental health ke liye temporary semester freeze consider karein
1474,English,Male,Gender/Role Specific,Male breadwinner responsibility hai is liye break chahiye,Semester freeze le kar aap family support kar sakte hain
1475,Mixed,Female,Administrative Issues,Semester freeze policy properly samajh nahi aa rahi. Is liye semester freeze request kar raha/rahi hoon,Office se clarify karein aur request submit karein. Advisor ne recommend kiya hai semester freeze lene ke liye
1476,RomanUrdu,Neutral,Financial Issues,Main temporary full time job kar raha hoon to support family,Semester freeze le kar aap work aur studies dono manage kar sakte hain
1477,Mixed,Female,Academic Issues,Credit hours overload ho gaye hain aur handle nahi ho raha. Is liye semester freeze request kar raha/rahi hoon,Semester freeze le kar workload manage karein. Advisor ne recommend kiya hai semester freeze lene ke liye
1478,Mixed,Female,Medical Issues,I had surgery and doctor ne complete rest kaha hai. Is liye semester freeze request kar raha/rahi hoon,Doctor certificate ke saath semester freeze le sakte hain. Advisor ne recommend kiya hai semester freeze lene ke liye
1479,Mixed,Male,Personal/Family Issues,Family migration ki wajah se semester pause karna hai. Is liye semester freeze request kar raha/rahi hoon,Semester freeze allow hoti hai relocation ya migration case me. Advisor ne recommend kiya hai semester freeze lene ke liye
1480,RomanUrdu,Neutral,Medical Issues,Recovery after COVID ki wajah se classes miss ho rahi hain,Semester freeze recommended hai taake aap fully recover kar sakein
1481,English,Female,Personal/Family Issues,Mother bohat sick hain aur unka khayal rakhna hai,Semester freeze request karein taake aap family care kar sakein
1482,English,Neutral,Financial Issues,My fee is unpaid and family income suddenly stopped,Aapko fee installment request submit karni chahiye ya temporary semester freeze le sakte hain
1483,Mixed,Male,Mental Health,Mentally drained hoon aur semester manage nahi kar pa raha. Is liye semester freeze request kar raha/rahi hoon,Semester freeze ke dauran rest aur recovery pe focus karein. Advisor ne recommend kiya hai semester freeze lene ke liye
1484,RomanUrdu,Neutral,Mental Health,Mentally drained hoon aur semester manage nahi kar pa raha,Semester freeze ke dauran rest aur recovery pe focus karein
1485,English,Neutral,Administrative Issues,Mujhe 4pm ke baad class attend karna possible nahi,Semester freeze allow ki ja sakti hai timing issues me
1486,RomanUrdu,Male,Medical Issues,Chronic pain ki wajah se classes attend nahi ho rahi,Medical certificate submit karein aur semester freeze request karein
1487,RomanUrdu,Male,Academic Issues,Basics weak hain is liye advanced courses tough lag rahe hain,Foundation courses complete karne ke baad advance courses enroll karein
1488,RomanUrdu,Male,Local/Other Issues,Floods damaged roads and internet is not working,Semester freeze allow ki ja sakti hai disaster situations me
1489,English,Neutral,Local/Other Issues,Lab resource unavailable hai is liye semester freeze request kar raha/rahi hoon,Semester pause consider karein jab tak resources available na ho
1490,English,Female,Administrative Issues,Teacher change request process clear nahi hai,Advisor se guide lein aur semester pause consider karein
1491,English,Neutral,Financial Issues,My fee is unpaid and family income suddenly stopped,Aapko fee installment request submit karni chahiye ya temporary semester freeze le sakte hain
1492,Mixed,Neutral,Personal/Family Issues,Ghar walay business sambhalne ko keh rahe hain. Is liye semester freeze request kar raha/rahi hoon,Temporary semester freeze le kar responsibilities manage karein. Advisor ne recommend kiya hai semester freeze lene ke liye
1493,RomanUrdu,Female,Gender/Role Specific,Male breadwinner responsibility hai is liye break chahiye,Semester freeze le kar aap family support kar sakte hain
1494,RomanUrdu,Female,Gender/Role Specific,Family business sambhalna par raha hai temporarily,Semester freeze le kar aap responsibilities manage kar sakte hain
1495,English,Male,Medical Issues,Accident hua hai aur physiotherapy chal rahi hai,Recovery ke liye semester freeze recommended hai
1496,RomanUrdu,Female,Medical Issues,Major illness ke wajah se semester continue nahi kar sakta,Semester freeze allow ki ja sakti hai illness ke liye
1497,RomanUrdu,Male,Academic Issues,I failed PF and OOP both and I need time to prepare again,Aap semester freeze le sakte hain aur next semester me core subjects dobara enroll karein
1498,RomanUrdu,Neutral,Medical Issues,I had surgery and doctor ne complete rest kaha hai,Doctor certificate ke saath semester freeze le sakte hain
1499,RomanUrdu,Neutral,Administrative Issues,Semester freeze policy properly samajh nahi aa rahi,Office se clarify karein aur request submit karein
1500,RomanUrdu,Neutral,Financial Issues,Abbu ki job chali gayi hai is liye semester freeze chahiye,Temporary semester freeze allow ki ja sakti hai financial crisis ke liye
1501,English,Female,Mental Health,Severe burnout ho gaya hai aur focus nahi ban raha,Semester pause karna aapke liye beneficial hoga
1502,Mixed,Male,Personal/Family Issues,Mother bohat sick hain aur unka khayal rakhna hai. Is liye semester freeze request kar raha/rahi hoon,Semester freeze request karein taake aap family care kar sakein. Advisor ne recommend kiya hai semester freeze lene ke liye
1503,Mixed,Neutral,Gender/Role Specific,Male breadwinner responsibility hai is liye break chahiye. Is liye semester freeze request kar raha/rahi hoon,Semester freeze le kar aap family support kar sakte hain. Advisor ne recommend kiya hai semester freeze lene ke liye
1504,English,Neutral,Mental Health,Depression ki wajah se classes miss ho rahi hain,Advisor ke saath discuss karein aur semester freeze lein
1505,Mixed,Male,Administrative Issues,Timetable clash hai aur meri classes manage nahi ho rahi. Is liye semester freeze request kar raha/rahi hoon,Semester freeze request kar sakte hain jab timetable adjust ho. Advisor ne recommend kiya hai semester freeze lene ke liye
1506,English,Female,Academic Issues,Basics weak hain is liye advanced courses tough lag rahe hain,Foundation courses complete karne ke baad advance courses enroll karein
1507,RomanUrdu,Female,Mental Health,Stress ki wajah se exams par focus nahi ho raha,Semester freeze allow hoti hai stress aur burnout ke cases me
1508,Mixed,Female,Local/Other Issues,Competitive coaching ke liye semester pause karna zaroori hai. Is liye semester freeze request kar raha/rahi hoon,Semester freeze allow hoti hai professional training ke liye. Advisor ne recommend kiya hai semester freeze lene ke liye
1509,RomanUrdu,Neutral,Administrative Issues,Teacher change request process clear nahi hai,Advisor se guide lein aur semester pause consider karein
1510,RomanUrdu,Neutral,Personal/Family Issues,Mother bohat sick hain aur unka khayal rakhna hai,Semester freeze request karein taake aap family care kar sakein
1511,English,Neutral,Medical Issues,I had surgery and doctor ne complete rest kaha hai,Doctor certificate ke saath semester freeze le sakte hain
1512,English,Neutral,Local/Other Issues,Power outages aur internet disruption ke wajah se classes miss ho rahi hain,Semester pause request submit karein taake classes miss na ho
1513,RomanUrdu,Female,Local/Other Issues,Lab resource unavailable hai is liye semester freeze request kar raha/rahi hoon,Semester pause consider karein jab tak resources available na ho
1514,English,Male,Mental Health,Anxiety attacks ki wajah se studies disturb ho rahi hain,Semester freeze le kar mental health improve karein
1515,RomanUrdu,Female,Academic Issues,"CGPA below average hai, degree complete ho payegi ya nahi samajh nahi aa raha",Semester freeze ke dauran CGPA improve karne ka plan banayein
1516,Mixed,Male,Personal/Family Issues,Hostel band ho gaya aur transport ka issue hai. Is liye semester freeze request kar raha/rahi hoon,Semester pause kar sakte hain jab tak facility arrange na ho. Advisor ne recommend kiya hai semester freeze lene ke liye
1517,English,Female,Gender/Role Specific,Pregnancy ki wajah se semester continue nahi kar sakti,Semester freeze allow hoti hai maternity reasons me
1518,Mixed,Female,Medical Issues,I had surgery and doctor ne complete rest kaha hai. Is liye semester freeze request kar raha/rahi hoon,Doctor certificate ke saath semester freeze le sakte hain. Advisor ne recommend kiya hai semester freeze lene ke liye
1519,Mixed,Male,Financial Issues,Late fee fine lag gaya hai aur arrange nahi ho raha. Is liye semester freeze request kar raha/rahi hoon,Late fine waiver ya installment ke liye office se contact karein. Advisor ne recommend kiya hai semester freeze lene ke liye
1520,English,Male,Medical Issues,Chronic pain ki wajah se classes attend nahi ho rahi,Medical certificate submit karein aur semester freeze request karein
1521,English,Neutral,Academic Issues,I dropped many courses and now I am confused what to enroll next,Academic advisor se consult karein aur proper enrollment plan banayein
1522,RomanUrdu,Male,Local/Other Issues,Transport strike ke wajah se classes attend nahi ho rahi,Semester freeze request karein jab tak transport restore na ho
1523,RomanUrdu,Male,Local/Other Issues,Protests aur political unrest ki wajah se campus nahi ja sakta,Temporary semester freeze consider karein
1524,Mixed,Male,Academic Issues,Basics weak hain is liye advanced courses tough lag rahe hain. Is liye semester freeze request kar raha/rahi hoon,Foundation courses complete karne ke baad advance courses enroll karein. Advisor ne recommend kiya hai semester freeze lene ke liye
1525,English,Male,Mental Health,Severe burnout ho gaya hai aur focus nahi ban raha,Semester pause karna aapke liye beneficial hoga
1526,Mixed,Female,Medical Issues,Accident hua hai aur physiotherapy chal rahi hai. Is liye semester freeze request kar raha/rahi hoon,Recovery ke liye semester freeze recommended hai. Advisor ne recommend kiya hai semester freeze lene ke liye
1527,RomanUrdu,Female,Local/Other Issues,Floods damaged roads and internet is not working,Semester freeze allow ki ja sakti hai disaster situations me
1528,English,Neutral,Gender/Role Specific,Pregnancy ki wajah se semester continue nahi kar sakti,Semester freeze allow hoti hai maternity reasons me
1529,Mixed,Neutral,Local/Other Issues,Protests aur political unrest ki wajah se campus nahi ja sakta. Is liye semester freeze request kar raha/rahi hoon,Temporary semester freeze consider karein. Advisor ne recommend kiya hai semester freeze lene ke liye
1530,RomanUrdu,Female,Mental Health,Severe burnout ho gaya hai aur focus nahi ban raha,Semester pause karna aapke liye beneficial hoga
1531,RomanUrdu,Female,Local/Other Issues,Competitive coaching ke liye semester pause karna zaroori hai,Semester freeze allow hoti hai professional training ke liye
1532,RomanUrdu,Female,Medical Issues,Major illness ke wajah se semester continue nahi kar sakta,Semester freeze allow ki ja sakti hai illness ke liye
1533,RomanUrdu,Neutral,Administrative Issues,Timetable clash hai aur meri classes manage nahi ho rahi,Semester freeze request kar sakte hain jab timetable adjust ho
1534,Mixed,Neutral,Financial Issues,Late fee fine lag gaya hai aur arrange nahi ho raha. Is liye semester freeze request kar raha/rahi hoon,Late fine waiver ya installment ke liye office se contact karein. Advisor ne recommend kiya hai semester freeze lene ke liye
1535,Mixed,Neutral,Gender/Role Specific,Family business sambhalna par raha hai temporarily. Is liye semester freeze request kar raha/rahi hoon,Semester freeze le kar aap responsibilities manage kar sakte hain. Advisor ne recommend kiya hai semester freeze lene ke liye
1536,English,Male,Personal/Family Issues,Meri shaadi fix ho gayi hai aur relocation ho rahi hai,Semester freeze allow hoti hai relocation ya marriage ki wajah se
1537,Mixed,Female,Gender/Role Specific,Male breadwinner responsibility hai is liye break chahiye. Is liye semester freeze request kar raha/rahi hoon,Semester freeze le kar aap family support kar sakte hain. Advisor ne recommend kiya hai semester freeze lene ke liye
1538,English,Neutral,Academic Issues,I failed PF and OOP both and I need time to prepare again,Aap semester freeze le sakte hain aur next semester me core subjects dobara enroll karein
1539,RomanUrdu,Female,Financial Issues,My fee is unpaid and family income suddenly stopped,Aapko fee installment request submit karni chahiye ya temporary semester freeze le sakte hain
1540,English,Neutral,Administrative Issues,Degree extension ka issue hai aur guidance chahiye,Semester freeze ke sath degree extension process initiate karein
1541,Mixed,Neutral,Administrative Issues,Semester freeze policy properly samajh nahi aa rahi. Is liye semester freeze request kar raha/rahi hoon,Office se clarify karein aur request submit karein. Advisor ne recommend kiya hai semester freeze lene ke liye
1542,Mixed,Neutral,Gender/Role Specific,Childcare ki wajah se classes attend nahi ho pa rahi. Is liye semester freeze request kar raha/rahi hoon,Semester freeze request karein childcare ke liye. Advisor ne recommend kiya hai semester freeze lene ke liye
1543,Mixed,Neutral,Financial Issues,My fee is unpaid and family income suddenly stopped. Is liye semester freeze request kar raha/rahi hoon,Aapko fee installment request submit karni chahiye ya temporary semester freeze le sakte hain. Advisor ne recommend kiya hai semester freeze lene ke liye
1544,Mixed,Male,Academic Issues,"CGPA below average hai, degree complete ho payegi ya nahi samajh nahi aa raha. Is liye semester freeze request kar raha/rahi hoon",Semester freeze ke dauran CGPA improve karne ka plan banayein. Advisor ne recommend kiya hai semester freeze lene ke liye
1545,Mixed,Male,Personal/Family Issues,Family pressure hai ke main degree chor doon. Is liye semester freeze request kar raha/rahi hoon,Advisor se discuss karein aur semester freeze consider karein. Advisor ne recommend kiya hai semester freeze lene ke liye
1546,RomanUrdu,Male,Administrative Issues,Teacher change request process clear nahi hai,Advisor se guide lein aur semester pause consider karein
1547,RomanUrdu,Female,Personal/Family Issues,Family pressure hai ke main degree chor doon,Advisor se discuss karein aur semester freeze consider karein
1548,English,Neutral,Personal/Family Issues,Family pressure hai ke main degree chor doon,Advisor se discuss karein aur semester freeze consider karein
1549,English,Female,Mental Health,Depression ki wajah se classes miss ho rahi hain,Advisor ke saath discuss karein aur semester freeze lein
1550,RomanUrdu,Neutral,Academic Issues,DSA is too hard for me and I need a break to improve basics,Semester freeze recommend kiya jata hai taake aap basics strong kar sakein
1551,Mixed,Neutral,Administrative Issues,Semester freeze policy properly samajh nahi aa rahi. Is liye semester freeze request kar raha/rahi hoon,Office se clarify karein aur request submit karein. Advisor ne recommend kiya hai semester freeze lene ke liye
1552,English,Neutral,Medical Issues,Chronic pain ki wajah se classes attend nahi ho rahi,Medical certificate submit karein aur semester freeze request karein
1553,RomanUrdu,Female,Local/Other Issues,Protests aur political unrest ki wajah se campus nahi ja sakta,Temporary semester freeze consider karein
1554,Mixed,Male,Medical Issues,Chronic pain ki wajah se classes attend nahi ho rahi. Is liye semester freeze request kar raha/rahi hoon,Medical certificate submit karein aur semester freeze request karein. Advisor ne recommend kiya hai semester freeze lene ke liye
1555,English,Female,Medical Issues,Chronic pain ki wajah se classes attend nahi ho rahi,Medical certificate submit karein aur semester freeze request karein
1556,RomanUrdu,Male,Medical Issues,Medical condition ki wajah se campus ana possible nahi,Semester freeze submit karen taake aap recovery pe focus karein
1557,English,Female,Personal/Family Issues,Family pressure hai ke main degree chor doon,Advisor se discuss karein aur semester freeze consider karein
1558,RomanUrdu,Neutral,Gender/Role Specific,Father hospital mein hain aur mujhe ghar sambhalna hai,Semester pause allow hoti hai family care ke liye
1559,English,Neutral,Academic Issues,DSA is too hard for me and I need a break to improve basics,Semester freeze recommend kiya jata hai taake aap basics strong kar sakein
1560,Mixed,Neutral,Administrative Issues,Degree extension ka issue hai aur guidance chahiye. Is liye semester freeze request kar raha/rahi hoon,Semester freeze ke sath degree extension process initiate karein. Advisor ne recommend kiya hai semester freeze lene ke liye
1561,Mixed,Male,Academic Issues,I dropped many courses and now I am confused what to enroll next. Is liye semester freeze request kar raha/rahi hoon,Academic advisor se consult karein aur proper enrollment plan banayein. Advisor ne recommend kiya hai semester freeze lene ke liye
1562,English,Neutral,Local/Other Issues,Power outages aur internet disruption ke wajah se classes miss ho rahi hain,Semester pause request submit karein taake classes miss na ho
1563,RomanUrdu,Neutral,Local/Other Issues,Lab resource unavailable hai is liye semester freeze request kar raha/rahi hoon,Semester pause consider karein jab tak resources available na ho
1564,RomanUrdu,Male,Mental Health,Mentally bohat exhausted feel kar raha hoon,Mental health ke liye temporary semester freeze consider karein
1565,Mixed,Neutral,Gender/Role Specific,Childcare ki wajah se classes attend nahi ho pa rahi. Is liye semester freeze request kar raha/rahi hoon,Semester freeze request karein childcare ke liye. Advisor ne recommend kiya hai semester freeze lene ke liye
1566,RomanUrdu,Female,Academic Issues,DSA is too hard for me and I need a break to improve basics,Semester freeze recommend kiya jata hai taake aap basics strong kar sakein
1567,Mixed,Male,Gender/Role Specific,Pregnancy ki wajah se semester continue nahi kar sakti. Is liye semester freeze request kar raha/rahi hoon,Semester freeze allow hoti hai maternity reasons me. Advisor ne recommend kiya hai semester freeze lene ke liye
1568,Mixed,Male,Administrative Issues,Degree extension ka issue hai aur guidance chahiye. Is liye semester freeze request kar raha/rahi hoon,Semester freeze ke sath degree extension process initiate karein. Advisor ne recommend kiya hai semester freeze lene ke liye
1569,English,Male,Local/Other Issues,Protests aur political unrest ki wajah se campus nahi ja sakta,Temporary semester freeze consider karein
1570,English,Neutral,Financial Issues,Late fee fine lag gaya hai aur arrange nahi ho raha,Late fine waiver ya installment ke liye office se contact karein
1571,English,Female,Local/Other Issues,Protests aur political unrest ki wajah se campus nahi ja sakta,Temporary semester freeze consider karein
1572,Mixed,Female,Personal/Family Issues,Ghar walay business sambhalne ko keh rahe hain. Is liye semester freeze request kar raha/rahi hoon,Temporary semester freeze le kar responsibilities manage karein. Advisor ne recommend kiya hai semester freeze lene ke liye
1573,English,Female,Mental Health,Anxiety attacks ki wajah se studies disturb ho rahi hain,Semester freeze le kar mental health improve karein
1574,RomanUrdu,Female,Administrative Issues,Degree extension ka issue hai aur guidance chahiye,Semester freeze ke sath degree extension process initiate karein
1575,English,Male,Administrative Issues,Degree extension ka issue hai aur guidance chahiye,Semester freeze ke sath degree extension process initiate karein
1576,English,Neutral,Academic Issues,DSA is too hard for me and I need a break to improve basics,Semester freeze recommend kiya jata hai taake aap basics strong kar sakein
1577,RomanUrdu,Neutral,Local/Other Issues,Transport strike ke wajah se classes attend nahi ho rahi,Semester freeze request karein jab tak transport restore na ho
1578,English,Neutral,Academic Issues,"CGPA below average hai, degree complete ho payegi ya nahi samajh nahi aa raha",Semester freeze ke dauran CGPA improve karne ka plan banayein
1579,English,Female,Local/Other Issues,Transport strike ke wajah se classes attend nahi ho rahi,Semester freeze request karein jab tak transport restore na ho
1580,English,Male,Personal/Family Issues,Family migration ki wajah se semester pause karna hai,Semester freeze allow hoti hai relocation ya migration case me
1581,English,Neutral,Financial Issues,Late fee fine lag gaya hai aur arrange nahi ho raha,Late fine waiver ya installment ke liye office se contact karein
1582,Mixed,Neutral,Personal/Family Issues,Mother bohat sick hain aur unka khayal rakhna hai. Is liye semester freeze request kar raha/rahi hoon,Semester freeze request karein taake aap family care kar sakein. Advisor ne recommend kiya hai semester freeze lene ke liye
1583,English,Male,Financial Issues,Abbu ki job chali gayi hai is liye semester freeze chahiye,Temporary semester freeze allow ki ja sakti hai financial crisis ke liye
1584,Mixed,Male,Financial Issues,Main temporary full time job kar raha hoon to support family. Is liye semester freeze request kar raha/rahi hoon,Semester freeze le kar aap work aur studies dono manage kar sakte hain. Advisor ne recommend kiya hai semester freeze lene ke liye
1585,RomanUrdu,Female,Personal/Family Issues,Mother bohat sick hain aur unka khayal rakhna hai,Semester freeze request karein taake aap family care kar sakein
1586,RomanUrdu,Female,Gender/Role Specific,Safety issues ki wajah se campus travel possible nahi,Temporary semester freeze request karein safety ke liye
1587,English,Neutral,Medical Issues,Chronic pain ki wajah se classes attend nahi ho rahi,Medical certificate submit karein aur semester freeze request karein
1588,Mixed,Male,Financial Issues,Abbu ki job chali gayi hai is liye semester freeze chahiye. Is liye semester freeze request kar raha/rahi hoon,Temporary semester freeze allow ki ja sakti hai financial crisis ke liye. Advisor ne recommend kiya hai semester freeze lene ke liye
1589,Mixed,Female,Medical Issues,Accident hua hai aur physiotherapy chal rahi hai. Is liye semester freeze request kar raha/rahi hoon,Recovery ke liye semester freeze recommended hai. Advisor ne recommend kiya hai semester freeze lene ke liye
1590,RomanUrdu,Female,Mental Health,Anxiety attacks ki wajah se studies disturb ho rahi hain,Semester freeze le kar mental health improve karein
1591,Mixed,Male,Administrative Issues,Degree extension ka issue hai aur guidance chahiye. Is liye semester freeze request kar raha/rahi hoon,Semester freeze ke sath degree extension process initiate karein. Advisor ne recommend kiya hai semester freeze lene ke liye
1592,RomanUrdu,Male,Medical Issues,Chronic pain ki wajah se classes attend nahi ho rahi,Medical certificate submit karein aur semester freeze request karein
1593,English,Neutral,Academic Issues,I dropped many courses and now I am confused what to enroll next,Academic advisor se consult karein aur proper enrollment plan banayein
1594,Mixed,Neutral,Academic Issues,Basics weak hain is liye advanced courses tough lag rahe hain. Is liye semester freeze request kar raha/rahi hoon,Foundation courses complete karne ke baad advance courses enroll karein. Advisor ne recommend kiya hai semester freeze lene ke liye
1595,Mixed,Female,Gender/Role Specific,Pregnancy ki wajah se semester continue nahi kar sakti. Is liye semester freeze request kar raha/rahi hoon,Semester freeze allow hoti hai maternity reasons me. Advisor ne recommend kiya hai semester freeze lene ke liye
1596,Mixed,Female,Financial Issues,My fee is unpaid and family income suddenly stopped. Is liye semester freeze request kar raha/rahi hoon,Aapko fee installment request submit karni chahiye ya temporary semester freeze le sakte hain. Advisor ne recommend kiya hai semester freeze lene ke liye
1597,RomanUrdu,Male,Financial Issues,Fees installment allow nahi ki ja rahi hai university policy ke wajah se,Office se discuss karein aur special request submit karein
1598,RomanUrdu,Neutral,Gender/Role Specific,Male breadwinner responsibility hai is liye break chahiye,Semester freeze le kar aap family support kar sakte hain
1599,RomanUrdu,Male,Academic Issues,I failed PF and OOP both and I need time to prepare again,Aap semester freeze le sakte hain aur next semester me core subjects dobara enroll karein
1600,RomanUrdu,Male,Financial Issues,Main temporary full time job kar raha hoon to support family,Semester freeze le kar aap work aur studies dono manage kar sakte hain
1601,RomanUrdu,Neutral,Gender/Role Specific,Childcare ki wajah se classes attend nahi ho pa rahi,Semester freeze request karein childcare ke liye
1602,RomanUrdu,Neutral,Academic Issues,"CGPA below average hai, degree complete ho payegi ya nahi samajh nahi aa raha",Semester freeze ke dauran CGPA improve karne ka plan banayein
1603,RomanUrdu,Female,Administrative Issues,"Lab aur lecture same time hai, attend nahi kar pa raha",Semester freeze consider karein jab tak schedule fix na ho
1604,English,Female,Academic Issues,I dropped many courses and now I am confused what to enroll next,Academic advisor se consult karein aur proper enrollment plan banayein
1605,English,Neutral,Gender/Role Specific,Safety issues ki wajah se campus travel possible nahi,Temporary semester freeze request karein safety ke liye
1606,Mixed,Neutral,Academic Issues,I failed PF and OOP both and I need time to prepare again. Is liye semester freeze request kar raha/rahi hoon,Aap semester freeze le sakte hain aur next semester me core subjects dobara enroll karein. Advisor ne recommend kiya hai semester freeze lene ke liye
1607,RomanUrdu,Neutral,Mental Health,Anxiety attacks ki wajah se studies disturb ho rahi hain,Semester freeze le kar mental health improve karein
1608,English,Male,Medical Issues,I had surgery and doctor ne complete rest kaha hai,Doctor certificate ke saath semester freeze le sakte hain
1609,RomanUrdu,Male,Academic Issues,DSA is too hard for me and I need a break to improve basics,Semester freeze recommend kiya jata hai taake aap basics strong kar sakein
1610,Mixed,Female,Academic Issues,Credit hours overload ho gaye hain aur handle nahi ho raha. Is liye semester freeze request kar raha/rahi hoon,Semester freeze le kar workload manage karein. Advisor ne recommend kiya hai semester freeze lene ke liye
1611,Mixed,Neutral,Administrative Issues,Timetable clash hai aur meri classes manage nahi ho rahi. Is liye semester freeze request kar raha/rahi hoon,Semester freeze request kar sakte hain jab timetable adjust ho. Advisor ne recommend kiya hai semester freeze lene ke liye
1612,RomanUrdu,Male,Financial Issues,Main temporary full time job kar raha hoon to support family,Semester freeze le kar aap work aur studies dono manage kar sakte hain
1613,English,Male,Medical Issues,Recovery after COVID ki wajah se classes miss ho rahi hain,Semester freeze recommended hai taake aap fully recover kar sakein
1614,English,Female,Gender/Role Specific,Family business sambhalna par raha hai temporarily,Semester freeze le kar aap responsibilities manage kar sakte hain
1615,English,Female,Personal/Family Issues,Hostel band ho gaya aur transport ka issue hai,Semester pause kar sakte hain jab tak facility arrange na ho
1616,RomanUrdu,Neutral,Personal/Family Issues,Hostel band ho gaya aur transport ka issue hai,Semester pause kar sakte hain jab tak facility arrange na ho
1617,RomanUrdu,Female,Financial Issues,Late fee fine lag gaya hai aur arrange nahi ho raha,Late fine waiver ya installment ke liye office se contact karein
1618,English,Female,Medical Issues,Recovery after COVID ki wajah se classes miss ho rahi hain,Semester freeze recommended hai taake aap fully recover kar sakein
1619,English,Female,Medical Issues,Accident hua hai aur physiotherapy chal rahi hai,Recovery ke liye semester freeze recommended hai
1620,Mixed,Neutral,Medical Issues,Chronic pain ki wajah se classes attend nahi ho rahi. Is liye semester freeze request kar raha/rahi hoon,Medical certificate submit karein aur semester freeze request karein. Advisor ne recommend kiya hai semester freeze lene ke liye
1621,RomanUrdu,Neutral,Personal/Family Issues,Ghar walay business sambhalne ko keh rahe hain,Temporary semester freeze le kar responsibilities manage karein
1622,RomanUrdu,Male,Personal/Family Issues,Mother bohat sick hain aur unka khayal rakhna hai,Semester freeze request karein taake aap family care kar sakein
1623,RomanUrdu,Female,Financial Issues,Abbu ki job chali gayi hai is liye semester freeze chahiye,Temporary semester freeze allow ki ja sakti hai financial crisis ke liye
1624,English,Female,Mental Health,Stress ki wajah se exams par focus nahi ho raha,Semester freeze allow hoti hai stress aur burnout ke cases me
1625,Mixed,Male,Gender/Role Specific,Childcare ki wajah se classes attend nahi ho pa rahi. Is liye semester freeze request kar raha/rahi hoon,Semester freeze request karein childcare ke liye. Advisor ne recommend kiya hai semester freeze lene ke liye
1626,Mixed,Female,Medical Issues,Chronic pain ki wajah se classes attend nahi ho rahi. Is liye semester freeze request kar raha/rahi hoon,Medical certificate submit karein aur semester freeze request karein. Advisor ne recommend kiya hai semester freeze lene ke liye
1627,English,Male,Gender/Role Specific,Father hospital mein hain aur mujhe ghar sambhalna hai,Semester pause allow hoti hai family care ke liye
1628,Mixed,Female,Financial Issues,Main temporary full time job kar raha hoon to support family. Is liye semester freeze request kar raha/rahi hoon,Semester freeze le kar aap work aur studies dono manage kar sakte hain. Advisor ne recommend kiya hai semester freeze lene ke liye
1629,English,Male,Local/Other Issues,Transport strike ke wajah se classes attend nahi ho rahi,Semester freeze request karein jab tak transport restore na ho
1630,RomanUrdu,Male,Medical Issues,Chronic pain ki wajah se classes attend nahi ho rahi,Medical certificate submit karein aur semester freeze request karein
1631,RomanUrdu,Neutral,Local/Other Issues,Power outages aur internet disruption ke wajah se classes miss ho rahi hain,Semester pause request submit karein taake classes miss na ho
1632,English,Male,Academic Issues,DSA is too hard for me and I need a break to improve basics,Semester freeze recommend kiya jata hai taake aap basics strong kar sakein
1633,RomanUrdu,Male,Personal/Family Issues,Meri shaadi fix ho gayi hai aur relocation ho rahi hai,Semester freeze allow hoti hai relocation ya marriage ki wajah se
1634,English,Neutral,Local/Other Issues,Protests aur political unrest ki wajah se campus nahi ja sakta,Temporary semester freeze consider karein
1635,English,Neutral,Gender/Role Specific,Family business sambhalna par raha hai temporarily,Semester freeze le kar aap responsibilities manage kar sakte hain
1636,English,Neutral,Gender/Role Specific,Father hospital mein hain aur mujhe ghar sambhalna hai,Semester pause allow hoti hai family care ke liye
1637,RomanUrdu,Neutral,Medical Issues,I had surgery and doctor ne complete rest kaha hai,Doctor certificate ke saath semester freeze le sakte hain
1638,Mixed,Male,Administrative Issues,Timetable clash hai aur meri classes manage nahi ho rahi. Is liye semester freeze request kar raha/rahi hoon,Semester freeze request kar sakte hain jab timetable adjust ho. Advisor ne recommend kiya hai semester freeze lene ke liye
1639,Mixed,Neutral,Academic Issues,Credit hours overload ho gaye hain aur handle nahi ho raha. Is liye semester freeze request kar raha/rahi hoon,Semester freeze le kar workload manage karein. Advisor ne recommend kiya hai semester freeze lene ke liye
1640,English,Male,Medical Issues,Recovery after COVID ki wajah se classes miss ho rahi hain,Semester freeze recommended hai taake aap fully recover kar sakein
1641,RomanUrdu,Male,Gender/Role Specific,Male breadwinner responsibility hai is liye break chahiye,Semester freeze le kar aap family support kar sakte hain
1642,Mixed,Female,Academic Issues,Credit hours overload ho gaye hain aur handle nahi ho raha. Is liye semester freeze request kar raha/rahi hoon,Semester freeze le kar workload manage karein. Advisor ne recommend kiya hai semester freeze lene ke liye
1643,English,Female,Medical Issues,Recovery after COVID ki wajah se classes miss ho rahi hain,Semester freeze recommended hai taake aap fully recover kar sakein
1644,English,Neutral,Local/Other Issues,Lab resource unavailable hai is liye semester freeze request kar raha/rahi hoon,Semester pause consider karein jab tak resources available na ho
1645,English,Female,Local/Other Issues,Competitive coaching ke liye semester pause karna zaroori hai,Semester freeze allow hoti hai professional training ke liye
1646,RomanUrdu,Female,Medical Issues,Major illness ke wajah se semester continue nahi kar sakta,Semester freeze allow ki ja sakti hai illness ke liye
1647,RomanUrdu,Female,Mental Health,Depression ki wajah se classes miss ho rahi hain,Advisor ke saath discuss karein aur semester freeze lein
1648,English,Neutral,Local/Other Issues,Lab resource unavailable hai is liye semester freeze request kar raha/rahi hoon,Semester pause consider karein jab tak resources available na ho
1649,RomanUrdu,Female,Mental Health,Anxiety attacks ki wajah se studies disturb ho rahi hain,Semester freeze le kar mental health improve karein
1650,Mixed,Neutral,Mental Health,Severe burnout ho gaya hai aur focus nahi ban raha. Is liye semester freeze request kar raha/rahi hoon,Semester pause karna aapke liye beneficial hoga. Advisor ne recommend kiya hai semester freeze lene ke liye
1651,English,Male,Medical Issues,Medical condition ki wajah se campus ana possible nahi,Semester freeze submit karen taake aap recovery pe focus karein
1652,Mixed,Female,Personal/Family Issues,Hostel band ho gaya aur transport ka issue hai. Is liye semester freeze request kar raha/rahi hoon,Semester pause kar sakte hain jab tak facility arrange na ho. Advisor ne recommend kiya hai semester freeze lene ke liye
1653,English,Female,Financial Issues,My fee is unpaid and family income suddenly stopped,Aapko fee installment request submit karni chahiye ya temporary semester freeze le sakte hain
1654,RomanUrdu,Female,Academic Issues,"CGPA below average hai, degree complete ho payegi ya nahi samajh nahi aa raha",Semester freeze ke dauran CGPA improve karne ka plan banayein
1655,RomanUrdu,Neutral,Gender/Role Specific,Pregnancy ki wajah se semester continue nahi kar sakti,Semester freeze allow hoti hai maternity reasons me
1656,English,Neutral,Academic Issues,I dropped many courses and now I am confused what to enroll next,Academic advisor se consult karein aur proper enrollment plan banayein
1657,English,Male,Mental Health,Stress ki wajah se exams par focus nahi ho raha,Semester freeze allow hoti hai stress aur burnout ke cases me
1658,Mixed,Female,Personal/Family Issues,Family pressure hai ke main degree chor doon. Is liye semester freeze request kar raha/rahi hoon,Advisor se discuss karein aur semester freeze consider karein. Advisor ne recommend kiya hai semester freeze lene ke liye
1659,English,Neutral,Academic Issues,Basics weak hain is liye advanced courses tough lag rahe hain,Foundation courses complete karne ke baad advance courses enroll karein
1660,RomanUrdu,Female,Personal/Family Issues,Hostel band ho gaya aur transport ka issue hai,Semester pause kar sakte hain jab tak facility arrange na ho
1661,RomanUrdu,Neutral,Medical Issues,Chronic pain ki wajah se classes attend nahi ho rahi,Medical certificate submit karein aur semester freeze request karein
1662,Mixed,Neutral,Administrative Issues,Teacher change request process clear nahi hai. Is liye semester freeze request kar raha/rahi hoon,Advisor se guide lein aur semester pause consider karein. Advisor ne recommend kiya hai semester freeze lene ke liye
1663,Mixed,Female,Gender/Role Specific,Pregnancy ki wajah se semester continue nahi kar sakti. Is liye semester freeze request kar raha/rahi hoon,Semester freeze allow hoti hai maternity reasons me. Advisor ne recommend kiya hai semester freeze lene ke liye
1664,Mixed,Female,Medical Issues,Recovery after COVID ki wajah se classes miss ho rahi hain. Is liye semester freeze request kar raha/rahi hoon,Semester freeze recommended hai taake aap fully recover kar sakein. Advisor ne recommend kiya hai semester freeze lene ke liye
1665,English,Neutral,Academic Issues,Basics weak hain is liye advanced courses tough lag rahe hain,Foundation courses complete karne ke baad advance courses enroll karein
1666,RomanUrdu,Neutral,Medical Issues,Recovery after COVID ki wajah se classes miss ho rahi hain,Semester freeze recommended hai taake aap fully recover kar sakein
1667,Mixed,Male,Local/Other Issues,Competitive coaching ke liye semester pause karna zaroori hai. Is liye semester freeze request kar raha/rahi hoon,Semester freeze allow hoti hai professional training ke liye. Advisor ne recommend kiya hai semester freeze lene ke liye
1668,English,Female,Financial Issues,Late fee fine lag gaya hai aur arrange nahi ho raha,Late fine waiver ya installment ke liye office se contact karein
1669,RomanUrdu,Female,Financial Issues,Abbu ki job chali gayi hai is liye semester freeze chahiye,Temporary semester freeze allow ki ja sakti hai financial crisis ke liye
1670,Mixed,Male,Academic Issues,Basics weak hain is liye advanced courses tough lag rahe hain. Is liye semester freeze request kar raha/rahi hoon,Foundation courses complete karne ke baad advance courses enroll karein. Advisor ne recommend kiya hai semester freeze lene ke liye
1671,English,Male,Local/Other Issues,Competitive coaching ke liye semester pause karna zaroori hai,Semester freeze allow hoti hai professional training ke liye
1672,English,Female,Personal/Family Issues,Family migration ki wajah se semester pause karna hai,Semester freeze allow hoti hai relocation ya migration case me
1673,RomanUrdu,Male,Administrative Issues,Degree extension ka issue hai aur guidance chahiye,Semester freeze ke sath degree extension process initiate karein
1674,Mixed,Female,Gender/Role Specific,Family business sambhalna par raha hai temporarily. Is liye semester freeze request kar raha/rahi hoon,Semester freeze le kar aap responsibilities manage kar sakte hain. Advisor ne recommend kiya hai semester freeze lene ke liye
1675,Mixed,Neutral,Academic Issues,I failed PF and OOP both and I need time to prepare again. Is liye semester freeze request kar raha/rahi hoon,Aap semester freeze le sakte hain aur next semester me core subjects dobara enroll karein. Advisor ne recommend kiya hai semester freeze lene ke liye
1676,RomanUrdu,Female,Gender/Role Specific,Safety issues ki wajah se campus travel possible nahi,Temporary semester freeze request karein safety ke liye
1677,Mixed,Female,Financial Issues,Late fee fine lag gaya hai aur arrange nahi ho raha. Is liye semester freeze request kar raha/rahi hoon,Late fine waiver ya installment ke liye office se contact karein. Advisor ne recommend kiya hai semester freeze lene ke liye
1678,RomanUrdu,Female,Academic Issues,Basics weak hain is liye advanced courses tough lag rahe hain,Foundation courses complete karne ke baad advance courses enroll karein
1679,RomanUrdu,Neutral,Administrative Issues,Mujhe 4pm ke baad class attend karna possible nahi,Semester freeze allow ki ja sakti hai timing issues me
1680,English,Male,Administrative Issues,Mujhe 4pm ke baad class attend karna possible nahi,Semester freeze allow ki ja sakti hai timing issues me
1681,English,Male,Personal/Family Issues,Hostel band ho gaya aur transport ka issue hai,Semester pause kar sakte hain jab tak facility arrange na ho
1682,RomanUrdu,Female,Administrative Issues,Semester freeze policy properly samajh nahi aa rahi,Office se clarify karein aur request submit karein
1683,English,Male,Personal/Family Issues,Family pressure hai ke main degree chor doon,Advisor se discuss karein aur semester freeze consider karein
1684,RomanUrdu,Female,Financial Issues,Abbu ki job chali gayi hai is liye semester freeze chahiye,Temporary semester freeze allow ki ja sakti hai financial crisis ke liye
1685,RomanUrdu,Female,Financial Issues,My fee is unpaid and family income suddenly stopped,Aapko fee installment request submit karni chahiye ya temporary semester freeze le sakte hain
1686,RomanUrdu,Female,Financial Issues,I lost my scholarship and cannot afford this semester,Financial support ke liye advisor ya office se discuss karein
1687,RomanUrdu,Male,Medical Issues,Major illness ke wajah se semester continue nahi kar sakta,Semester freeze allow ki ja sakti hai illness ke liye
1688,Mixed,Female,Administrative Issues,Degree extension ka issue hai aur guidance chahiye. Is liye semester freeze request kar raha/rahi hoon,Semester freeze ke sath degree extension process initiate karein. Advisor ne recommend kiya hai semester freeze lene ke liye
1689,English,Male,Mental Health,Depression ki wajah se classes miss ho rahi hain,Advisor ke saath discuss karein aur semester freeze lein
1690,RomanUrdu,Female,Gender/Role Specific,Family business sambhalna par raha hai temporarily,Semester freeze le kar aap responsibilities manage kar sakte hain
1691,Mixed,Neutral,Medical Issues,Major illness ke wajah se semester continue nahi kar sakta. Is liye semester freeze request kar raha/rahi hoon,Semester freeze allow ki ja sakti hai illness ke liye. Advisor ne recommend kiya hai semester freeze lene ke liye
1692,English,Male,Local/Other Issues,Protests aur political unrest ki wajah se campus nahi ja sakta,Temporary semester freeze consider karein
1693,English,Male,Administrative Issues,Timetable clash hai aur meri classes manage nahi ho rahi,Semester freeze request kar sakte hain jab timetable adjust ho
1694,English,Male,Medical Issues,Major illness ke wajah se semester continue nahi kar sakta,Semester freeze allow ki ja sakti hai illness ke liye
1695,Mixed,Neutral,Medical Issues,Chronic pain ki wajah se classes attend nahi ho rahi. Is liye semester freeze request kar raha/rahi hoon,Medical certificate submit karein aur semester freeze request karein. Advisor ne recommend kiya hai semester freeze lene ke liye
1696,English,Neutral,Local/Other Issues,Power outages aur internet disruption ke wajah se classes miss ho rahi hain,Semester pause request submit karein taake classes miss na ho
1697,English,Female,Local/Other Issues,Protests aur political unrest ki wajah se campus nahi ja sakta,Temporary semester freeze consider karein
1698,RomanUrdu,Male,Local/Other Issues,Power outages aur internet disruption ke wajah se classes miss ho rahi hain,Semester pause request submit karein taake classes miss na ho
1699,RomanUrdu,Female,Medical Issues,I had surgery and doctor ne complete rest kaha hai,Doctor certificate ke saath semester freeze le sakte hain
1700,RomanUrdu,Male,Personal/Family Issues,Hostel band ho gaya aur transport ka issue hai,Semester pause kar sakte hain jab tak facility arrange na ho
1701,RomanUrdu,Neutral,Administrative Issues,"Lab aur lecture same time hai, attend nahi kar pa raha",Semester freeze consider karein jab tak schedule fix na ho
1702,Mixed,Neutral,Academic Issues,DSA is too hard for me and I need a break to improve basics. Is liye semester freeze request kar raha/rahi hoon,Semester freeze recommend kiya jata hai taake aap basics strong kar sakein. Advisor ne recommend kiya hai semester freeze lene ke liye
1703,English,Neutral,Personal/Family Issues,Family pressure hai ke main degree chor doon,Advisor se discuss karein aur semester freeze consider karein
1704,RomanUrdu,Neutral,Financial Issues,Abbu ki job chali gayi hai is liye semester freeze chahiye,Temporary semester freeze allow ki ja sakti hai financial crisis ke liye
1705,Mixed,Female,Personal/Family Issues,Family migration ki wajah se semester pause karna hai. Is liye semester freeze request kar raha/rahi hoon,Semester freeze allow hoti hai relocation ya migration case me. Advisor ne recommend kiya hai semester freeze lene ke liye
1706,English,Neutral,Personal/Family Issues,Mother bohat sick hain aur unka khayal rakhna hai,Semester freeze request karein taake aap family care kar sakein
1707,Mixed,Female,Gender/Role Specific,Safety issues ki wajah se campus travel possible nahi. Is liye semester freeze request kar raha/rahi hoon,Temporary semester freeze request karein safety ke liye. Advisor ne recommend kiya hai semester freeze lene ke liye
1708,English,Neutral,Gender/Role Specific,Family business sambhalna par raha hai temporarily,Semester freeze le kar aap responsibilities manage kar sakte hain
1709,Mixed,Neutral,Mental Health,Depression ki wajah se classes miss ho rahi hain. Is liye semester freeze request kar raha/rahi hoon,Advisor ke saath discuss karein aur semester freeze lein. Advisor ne recommend kiya hai semester freeze lene ke liye
1710,English,Male,Local/Other Issues,Competitive coaching ke liye semester pause karna zaroori hai,Semester freeze allow hoti hai professional training ke liye
1711,Mixed,Neutral,Financial Issues,I lost my scholarship and cannot afford this semester. Is liye semester freeze request kar raha/rahi hoon,Financial support ke liye advisor ya office se discuss karein. Advisor ne recommend kiya hai semester freeze lene ke liye
1712,RomanUrdu,Female,Administrative Issues,Timetable clash hai aur meri classes manage nahi ho rahi,Semester freeze request kar sakte hain jab timetable adjust ho
1713,Mixed,Female,Gender/Role Specific,Childcare ki wajah se classes attend nahi ho pa rahi. Is liye semester freeze request kar raha/rahi hoon,Semester freeze request karein childcare ke liye. Advisor ne recommend kiya hai semester freeze lene ke liye
1714,English,Male,Financial Issues,I lost my scholarship and cannot afford this semester,Financial support ke liye advisor ya office se discuss karein
1715,English,Male,Administrative Issues,"Lab aur lecture same time hai, attend nahi kar pa raha",Semester freeze consider karein jab tak schedule fix na ho
1716,Mixed,Neutral,Gender/Role Specific,Father hospital mein hain aur mujhe ghar sambhalna hai. Is liye semester freeze request kar raha/rahi hoon,Semester pause allow hoti hai family care ke liye. Advisor ne recommend kiya hai semester freeze lene ke liye
1717,English,Neutral,Gender/Role Specific,Family business sambhalna par raha hai temporarily,Semester freeze le kar aap responsibilities manage kar sakte hain
1718,English,Male,Academic Issues,DSA is too hard for me and I need a break to improve basics,Semester freeze recommend kiya jata hai taake aap basics strong kar sakein
1719,Mixed,Female,Medical Issues,Medical condition ki wajah se campus ana possible nahi. Is liye semester freeze request kar raha/rahi hoon,Semester freeze submit karen taake aap recovery pe focus karein. Advisor ne recommend kiya hai semester freeze lene ke liye
1720,RomanUrdu,Male,Local/Other Issues,Competitive coaching ke liye semester pause karna zaroori hai,Semester freeze allow hoti hai professional training ke liye
1721,English,Male,Academic Issues,DSA is too hard for me and I need a break to improve basics,Semester freeze recommend kiya jata hai taake aap basics strong kar sakein
1722,English,Male,Gender/Role Specific,Male breadwinner responsibility hai is liye break chahiye,Semester freeze le kar aap family support kar sakte hain
1723,English,Neutral,Gender/Role Specific,Pregnancy ki wajah se semester continue nahi kar sakti,Semester freeze allow hoti hai maternity reasons me
1724,RomanUrdu,Neutral,Academic Issues,Credit hours overload ho gaye hain aur handle nahi ho raha,Semester freeze le kar workload manage karein
1725,English,Female,Administrative Issues,Mujhe 4pm ke baad class attend karna possible nahi,Semester freeze allow ki ja sakti hai timing issues me
1726,Mixed,Female,Mental Health,Stress ki wajah se exams par focus nahi ho raha. Is liye semester freeze request kar raha/rahi hoon,Semester freeze allow hoti hai stress aur burnout ke cases me. Advisor ne recommend kiya hai semester freeze lene ke liye
1727,RomanUrdu,Female,Administrative Issues,Mujhe 4pm ke baad class attend karna possible nahi,Semester freeze allow ki ja sakti hai timing issues me
1728,RomanUrdu,Neutral,Academic Issues,Credit hours overload ho gaye hain aur handle nahi ho raha,Semester freeze le kar workload manage karein
1729,Mixed,Neutral,Medical Issues,Accident hua hai aur physiotherapy chal rahi hai. Is liye semester freeze request kar raha/rahi hoon,Recovery ke liye semester freeze recommended hai. Advisor ne recommend kiya hai semester freeze lene ke liye
1730,Mixed,Female,Medical Issues,Chronic pain ki wajah se classes attend nahi ho rahi. Is liye semester freeze request kar raha/rahi hoon,Medical certificate submit karein aur semester freeze request karein. Advisor ne recommend kiya hai semester freeze lene ke liye
1731,English,Male,Personal/Family Issues,Mother bohat sick hain aur unka khayal rakhna hai,Semester freeze request karein taake aap family care kar sakein
1732,Mixed,Neutral,Medical Issues,Major illness ke wajah se semester continue nahi kar sakta. Is liye semester freeze request kar raha/rahi hoon,Semester freeze allow ki ja sakti hai illness ke liye. Advisor ne recommend kiya hai semester freeze lene ke liye
1733,English,Neutral,Mental Health,Mentally bohat exhausted feel kar raha hoon,Mental health ke liye temporary semester freeze consider karein
1734,RomanUrdu,Female,Administrative Issues,Teacher change request process clear nahi hai,Advisor se guide lein aur semester pause consider karein
1735,RomanUrdu,Female,Personal/Family Issues,Ghar walay business sambhalne ko keh rahe hain,Temporary semester freeze le kar responsibilities manage karein
1736,Mixed,Male,Medical Issues,Accident hua hai aur physiotherapy chal rahi hai. Is liye semester freeze request kar raha/rahi hoon,Recovery ke liye semester freeze recommended hai. Advisor ne recommend kiya hai semester freeze lene ke liye
1737,RomanUrdu,Male,Personal/Family Issues,Ghar walay business sambhalne ko keh rahe hain,Temporary semester freeze le kar responsibilities manage karein
1738,English,Neutral,Local/Other Issues,Floods damaged roads and internet is not working,Semester freeze allow ki ja sakti hai disaster situations me
1739,RomanUrdu,Male,Medical Issues,I had surgery and doctor ne complete rest kaha hai,Doctor certificate ke saath semester freeze le sakte hain
1740,English,Neutral,Mental Health,Depression ki wajah se classes miss ho rahi hain,Advisor ke saath discuss karein aur semester freeze lein
1741,RomanUrdu,Female,Financial Issues,Main temporary full time job kar raha hoon to support family,Semester freeze le kar aap work aur studies dono manage kar sakte hain
1742,English,Male,Financial Issues,Fees installment allow nahi ki ja rahi hai university policy ke wajah se,Office se discuss karein aur special request submit karein
1743,RomanUrdu,Neutral,Administrative Issues,Timetable clash hai aur meri classes manage nahi ho rahi,Semester freeze request kar sakte hain jab timetable adjust ho
1744,English,Neutral,Medical Issues,Accident hua hai aur physiotherapy chal rahi hai,Recovery ke liye semester freeze recommended hai
1745,RomanUrdu,Neutral,Administrative Issues,"Lab aur lecture same time hai, attend nahi kar pa raha",Semester freeze consider karein jab tak schedule fix na ho
1746,English,Female,Mental Health,Anxiety attacks ki wajah se studies disturb ho rahi hain,Semester freeze le kar mental health improve karein
1747,English,Neutral,Medical Issues,I had surgery and doctor ne complete rest kaha hai,Doctor certificate ke saath semester freeze le sakte hain
1748,RomanUrdu,Female,Administrative Issues,Semester freeze policy properly samajh nahi aa rahi,Office se clarify karein aur request submit karein
1749,Mixed,Female,Academic Issues,I dropped many courses and now I am confused what to enroll next. Is liye semester freeze request kar raha/rahi hoon,Academic advisor se consult karein aur proper enrollment plan banayein. Advisor ne recommend kiya hai semester freeze lene ke liye
1750,English,Male,Medical Issues,Chronic pain ki wajah se classes attend nahi ho rahi,Medical certificate submit karein aur semester freeze request karein
1751,Mixed,Female,Personal/Family Issues,Meri shaadi fix ho gayi hai aur relocation ho rahi hai. Is liye semester freeze request kar raha/rahi hoon,Semester freeze allow hoti hai relocation ya marriage ki wajah se. Advisor ne recommend kiya hai semester freeze lene ke liye
1752,RomanUrdu,Neutral,Financial Issues,My fee is unpaid and family income suddenly stopped,Aapko fee installment request submit karni chahiye ya temporary semester freeze le sakte hain
1753,Mixed,Female,Personal/Family Issues,Hostel band ho gaya aur transport ka issue hai. Is liye semester freeze request kar raha/rahi hoon,Semester pause kar sakte hain jab tak facility arrange na ho. Advisor ne recommend kiya hai semester freeze lene ke liye
1754,Mixed,Neutral,Financial Issues,My fee is unpaid and family income suddenly stopped. Is liye semester freeze request kar raha/rahi hoon,Aapko fee installment request submit karni chahiye ya temporary semester freeze le sakte hain. Advisor ne recommend kiya hai semester freeze lene ke liye
1755,English,Female,Academic Issues,Basics weak hain is liye advanced courses tough lag rahe hain,Foundation courses complete karne ke baad advance courses enroll karein
1756,RomanUrdu,Neutral,Local/Other Issues,Lab resource unavailable hai is liye semester freeze request kar raha/rahi hoon,Semester pause consider karein jab tak resources available na ho
1757,Mixed,Neutral,Gender/Role Specific,Pregnancy ki wajah se semester continue nahi kar sakti. Is liye semester freeze request kar raha/rahi hoon,Semester freeze allow hoti hai maternity reasons me. Advisor ne recommend kiya hai semester freeze lene ke liye
1758,English,Male,Local/Other Issues,Floods damaged roads and internet is not working,Semester freeze allow ki ja sakti hai disaster situations me
1759,RomanUrdu,Male,Mental Health,Severe burnout ho gaya hai aur focus nahi ban raha,Semester pause karna aapke liye beneficial hoga
1760,English,Neutral,Local/Other Issues,Power outages aur internet disruption ke wajah se classes miss ho rahi hain,Semester pause request submit karein taake classes miss na ho
1761,English,Neutral,Personal/Family Issues,Family migration ki wajah se semester pause karna hai,Semester freeze allow hoti hai relocation ya migration case me
1762,Mixed,Male,Gender/Role Specific,Safety issues ki wajah se campus travel possible nahi. Is liye semester freeze request kar raha/rahi hoon,Temporary semester freeze request karein safety ke liye. Advisor ne recommend kiya hai semester freeze lene ke liye
1763,RomanUrdu,Female,Academic Issues,Credit hours overload ho gaye hain aur handle nahi ho raha,Semester freeze le kar workload manage karein
1764,Mixed,Neutral,Personal/Family Issues,Meri shaadi fix ho gayi hai aur relocation ho rahi hai. Is liye semester freeze request kar raha/rahi hoon,Semester freeze allow hoti hai relocation ya marriage ki wajah se. Advisor ne recommend kiya hai semester freeze lene ke liye
1765,RomanUrdu,Female,Administrative Issues,"Lab aur lecture same time hai, attend nahi kar pa raha",Semester freeze consider karein jab tak schedule fix na ho
1766,English,Male,Gender/Role Specific,Male breadwinner responsibility hai is liye break chahiye,Semester freeze le kar aap family support kar sakte hain
1767,Mixed,Male,Personal/Family Issues,Family migration ki wajah se semester pause karna hai. Is liye semester freeze request kar raha/rahi hoon,Semester freeze allow hoti hai relocation ya migration case me. Advisor ne recommend kiya hai semester freeze lene ke liye
1768,Mixed,Male,Gender/Role Specific,Pregnancy ki wajah se semester continue nahi kar sakti. Is liye semester freeze request kar raha/rahi hoon,Semester freeze allow hoti hai maternity reasons me. Advisor ne recommend kiya hai semester freeze lene ke liye
1769,Mixed,Female,Personal/Family Issues,Mother bohat sick hain aur unka khayal rakhna hai. Is liye semester freeze request kar raha/rahi hoon,Semester freeze request karein taake aap family care kar sakein. Advisor ne recommend kiya hai semester freeze lene ke liye
1770,Mixed,Male,Academic Issues,I failed PF and OOP both and I need time to prepare again. Is liye semester freeze request kar raha/rahi hoon,Aap semester freeze le sakte hain aur next semester me core subjects dobara enroll karein. Advisor ne recommend kiya hai semester freeze lene ke liye
1771,Mixed,Neutral,Local/Other Issues,Competitive coaching ke liye semester pause karna zaroori hai. Is liye semester freeze request kar raha/rahi hoon,Semester freeze allow hoti hai professional training ke liye. Advisor ne recommend kiya hai semester freeze lene ke liye
1772,RomanUrdu,Neutral,Local/Other Issues,Competitive coaching ke liye semester pause karna zaroori hai,Semester freeze allow hoti hai professional training ke liye
1773,Mixed,Male,Academic Issues,"CGPA below average hai, degree complete ho payegi ya nahi samajh nahi aa raha. Is liye semester freeze request kar raha/rahi hoon",Semester freeze ke dauran CGPA improve karne ka plan banayein. Advisor ne recommend kiya hai semester freeze lene ke liye
1774,RomanUrdu,Neutral,Academic Issues,I failed PF and OOP both and I need time to prepare again,Aap semester freeze le sakte hain aur next semester me core subjects dobara enroll karein
1775,Mixed,Male,Local/Other Issues,Transport strike ke wajah se classes attend nahi ho rahi. Is liye semester freeze request kar raha/rahi hoon,Semester freeze request karein jab tak transport restore na ho. Advisor ne recommend kiya hai semester freeze lene ke liye
1776,RomanUrdu,Female,Financial Issues,Late fee fine lag gaya hai aur arrange nahi ho raha,Late fine waiver ya installment ke liye office se contact karein
1777,Mixed,Female,Medical Issues,Major illness ke wajah se semester continue nahi kar sakta. Is liye semester freeze request kar raha/rahi hoon,Semester freeze allow ki ja sakti hai illness ke liye. Advisor ne recommend kiya hai semester freeze lene ke liye
1778,English,Female,Gender/Role Specific,Male breadwinner responsibility hai is liye break chahiye,Semester freeze le kar aap family support kar sakte hain
1779,RomanUrdu,Female,Academic Issues,DSA is too hard for me and I need a break to improve basics,Semester freeze recommend kiya jata hai taake aap basics strong kar sakein
1780,RomanUrdu,Male,Personal/Family Issues,Family pressure hai ke main degree chor doon,Advisor se discuss karein aur semester freeze consider karein
1781,English,Male,Mental Health,Stress ki wajah se exams par focus nahi ho raha,Semester freeze allow hoti hai stress aur burnout ke cases me
1782,RomanUrdu,Female,Gender/Role Specific,Father hospital mein hain aur mujhe ghar sambhalna hai,Semester pause allow hoti hai family care ke liye
1783,Mixed,Female,Administrative Issues,Mujhe 4pm ke baad class attend karna possible nahi. Is liye semester freeze request kar raha/rahi hoon,Semester freeze allow ki ja sakti hai timing issues me. Advisor ne recommend kiya hai semester freeze lene ke liye
1784,English,Male,Medical Issues,Accident hua hai aur physiotherapy chal rahi hai,Recovery ke liye semester freeze recommended hai
1785,Mixed,Female,Gender/Role Specific,Male breadwinner responsibility hai is liye break chahiye. Is liye semester freeze request kar raha/rahi hoon,Semester freeze le kar aap family support kar sakte hain. Advisor ne recommend kiya hai semester freeze lene ke liye
1786,English,Male,Academic Issues,"CGPA below average hai, degree complete ho payegi ya nahi samajh nahi aa raha",Semester freeze ke dauran CGPA improve karne ka plan banayein
1787,English,Neutral,Personal/Family Issues,Mother bohat sick hain aur unka khayal rakhna hai,Semester freeze request karein taake aap family care kar sakein
1788,Mixed,Female,Gender/Role Specific,Family business sambhalna par raha hai temporarily. Is liye semester freeze request kar raha/rahi hoon,Semester freeze le kar aap responsibilities manage kar sakte hain. Advisor ne recommend kiya hai semester freeze lene ke liye
1789,Mixed,Neutral,Financial Issues,I lost my scholarship and cannot afford this semester. Is liye semester freeze request kar raha/rahi hoon,Financial support ke liye advisor ya office se discuss karein. Advisor ne recommend kiya hai semester freeze lene ke liye
1790,RomanUrdu,Neutral,Medical Issues,Accident hua hai aur physiotherapy chal rahi hai,Recovery ke liye semester freeze recommended hai
1791,RomanUrdu,Neutral,Personal/Family Issues,Hostel band ho gaya aur transport ka issue hai,Semester pause kar sakte hain jab tak facility arrange na ho
1792,RomanUrdu,Neutral,Administrative Issues,"Lab aur lecture same time hai, attend nahi kar pa raha",Semester freeze consider karein jab tak schedule fix na ho
1793,RomanUrdu,Neutral,Administrative Issues,"Lab aur lecture same time hai, attend nahi kar pa raha",Semester freeze consider karein jab tak schedule fix na ho
1794,RomanUrdu,Male,Gender/Role Specific,Childcare ki wajah se classes attend nahi ho pa rahi,Semester freeze request karein childcare ke liye
1795,Mixed,Neutral,Local/Other Issues,Floods damaged roads and internet is not working. Is liye semester freeze request kar raha/rahi hoon,Semester freeze allow ki ja sakti hai disaster situations me. Advisor ne recommend kiya hai semester freeze lene ke liye
1796,RomanUrdu,Female,Local/Other Issues,Power outages aur internet disruption ke wajah se classes miss ho rahi hain,Semester pause request submit karein taake classes miss na ho
1797,RomanUrdu,Female,Gender/Role Specific,Family business sambhalna par raha hai temporarily,Semester freeze le kar aap responsibilities manage kar sakte hain
1798,English,Female,Gender/Role Specific,Safety issues ki wajah se campus travel possible nahi,Temporary semester freeze request karein safety ke liye
1799,RomanUrdu,Male,Administrative Issues,Teacher change request process clear nahi hai,Advisor se guide lein aur semester pause consider karein
1800,RomanUrdu,Male,Academic Issues,"CGPA below average hai, degree complete ho payegi ya nahi samajh nahi aa raha",Semester freeze ke dauran CGPA improve karne ka plan banayein
1801,English,Neutral,Academic Issues,I failed PF and OOP both and I need time to prepare again,Aap semester freeze le sakte hain aur next semester me core subjects dobara enroll karein
1802,Mixed,Female,Local/Other Issues,Floods damaged roads and internet is not working. Is liye semester freeze request kar raha/rahi hoon,Semester freeze allow ki ja sakti hai disaster situations me. Advisor ne recommend kiya hai semester freeze lene ke liye
1803,English,Male,Personal/Family Issues,Family migration ki wajah se semester pause karna hai,Semester freeze allow hoti hai relocation ya migration case me
1804,RomanUrdu,Female,Gender/Role Specific,Family business sambhalna par raha hai temporarily,Semester freeze le kar aap responsibilities manage kar sakte hain
1805,English,Female,Mental Health,Mentally bohat exhausted feel kar raha hoon,Mental health ke liye temporary semester freeze consider karein
1806,RomanUrdu,Female,Administrative Issues,"Lab aur lecture same time hai, attend nahi kar pa raha",Semester freeze consider karein jab tak schedule fix na ho
1807,RomanUrdu,Male,Personal/Family Issues,Family migration ki wajah se semester pause karna hai,Semester freeze allow hoti hai relocation ya migration case me
1808,Mixed,Male,Medical Issues,Accident hua hai aur physiotherapy chal rahi hai. Is liye semester freeze request kar raha/rahi hoon,Recovery ke liye semester freeze recommended hai. Advisor ne recommend kiya hai semester freeze lene ke liye
1809,Mixed,Neutral,Gender/Role Specific,Safety issues ki wajah se campus travel possible nahi. Is liye semester freeze request kar raha/rahi hoon,Temporary semester freeze request karein safety ke liye. Advisor ne recommend kiya hai semester freeze lene ke liye
1810,RomanUrdu,Neutral,Medical Issues,Recovery after COVID ki wajah se classes miss ho rahi hain,Semester freeze recommended hai taake aap fully recover kar sakein
1811,Mixed,Male,Mental Health,Stress ki wajah se exams par focus nahi ho raha. Is liye semester freeze request kar raha/rahi hoon,Semester freeze allow hoti hai stress aur burnout ke cases me. Advisor ne recommend kiya hai semester freeze lene ke liye
1812,Mixed,Neutral,Medical Issues,I had surgery and doctor ne complete rest kaha hai. Is liye semester freeze request kar raha/rahi hoon,Doctor certificate ke saath semester freeze le sakte hain. Advisor ne recommend kiya hai semester freeze lene ke liye
1813,RomanUrdu,Neutral,Gender/Role Specific,Father hospital mein hain aur mujhe ghar sambhalna hai,Semester pause allow hoti hai family care ke liye
1814,English,Male,Local/Other Issues,Floods damaged roads and internet is not working,Semester freeze allow ki ja sakti hai disaster situations me
1815,RomanUrdu,Neutral,Local/Other Issues,Competitive coaching ke liye semester pause karna zaroori hai,Semester freeze allow hoti hai professional training ke liye
1816,RomanUrdu,Female,Personal/Family Issues,Ghar walay business sambhalne ko keh rahe hain,Temporary semester freeze le kar responsibilities manage karein
1817,English,Neutral,Academic Issues,I failed PF and OOP both and I need time to prepare again,Aap semester freeze le sakte hain aur next semester me core subjects dobara enroll karein
1818,English,Female,Administrative Issues,Mujhe 4pm ke baad class attend karna possible nahi,Semester freeze allow ki ja sakti hai timing issues me
1819,Mixed,Female,Local/Other Issues,Transport strike ke wajah se classes attend nahi ho rahi. Is liye semester freeze request kar raha/rahi hoon,Semester freeze request karein jab tak transport restore na ho. Advisor ne recommend kiya hai semester freeze lene ke liye
1820,Mixed,Neutral,Medical Issues,Major illness ke wajah se semester continue nahi kar sakta. Is liye semester freeze request kar raha/rahi hoon,Semester freeze allow ki ja sakti hai illness ke liye. Advisor ne recommend kiya hai semester freeze lene ke liye
1821,RomanUrdu,Neutral,Personal/Family Issues,Mother bohat sick hain aur unka khayal rakhna hai,Semester freeze request karein taake aap family care kar sakein
1822,RomanUrdu,Neutral,Gender/Role Specific,Childcare ki wajah se classes attend nahi ho pa rahi,Semester freeze request karein childcare ke liye
1823,English,Neutral,Administrative Issues,Teacher change request process clear nahi hai,Advisor se guide lein aur semester pause consider karein
1824,RomanUrdu,Male,Academic Issues,I dropped many courses and now I am confused what to enroll next,Academic advisor se consult karein aur proper enrollment plan banayein
1825,RomanUrdu,Male,Administrative Issues,Degree extension ka issue hai aur guidance chahiye,Semester freeze ke sath degree extension process initiate karein
1826,RomanUrdu,Female,Academic Issues,"CGPA below average hai, degree complete ho payegi ya nahi samajh nahi aa raha",Semester freeze ke dauran CGPA improve karne ka plan banayein
1827,RomanUrdu,Neutral,Financial Issues,Fees installment allow nahi ki ja rahi hai university policy ke wajah se,Office se discuss karein aur special request submit karein
1828,Mixed,Male,Mental Health,Mentally bohat exhausted feel kar raha hoon. Is liye semester freeze request kar raha/rahi hoon,Mental health ke liye temporary semester freeze consider karein. Advisor ne recommend kiya hai semester freeze lene ke liye
1829,Mixed,Female,Medical Issues,Recovery after COVID ki wajah se classes miss ho rahi hain. Is liye semester freeze request kar raha/rahi hoon,Semester freeze recommended hai taake aap fully recover kar sakein. Advisor ne recommend kiya hai semester freeze lene ke liye
1830,RomanUrdu,Male,Academic Issues,DSA is too hard for me and I need a break to improve basics,Semester freeze recommend kiya jata hai taake aap basics strong kar sakein
1831,Mixed,Female,Gender/Role Specific,Childcare ki wajah se classes attend nahi ho pa rahi. Is liye semester freeze request kar raha/rahi hoon,Semester freeze request karein childcare ke liye. Advisor ne recommend kiya hai semester freeze lene ke liye
1832,RomanUrdu,Neutral,Mental Health,Mentally bohat exhausted feel kar raha hoon,Mental health ke liye temporary semester freeze consider karein
1833,Mixed,Female,Gender/Role Specific,Childcare ki wajah se classes attend nahi ho pa rahi. Is liye semester freeze request kar raha/rahi hoon,Semester freeze request karein childcare ke liye. Advisor ne recommend kiya hai semester freeze lene ke liye
1834,RomanUrdu,Neutral,Mental Health,Anxiety attacks ki wajah se studies disturb ho rahi hain,Semester freeze le kar mental health improve karein
1835,Mixed,Female,Financial Issues,My fee is unpaid and family income suddenly stopped. Is liye semester freeze request kar raha/rahi hoon,Aapko fee installment request submit karni chahiye ya temporary semester freeze le sakte hain. Advisor ne recommend kiya hai semester freeze lene ke liye
1836,English,Neutral,Gender/Role Specific,Childcare ki wajah se classes attend nahi ho pa rahi,Semester freeze request karein childcare ke liye
1837,English,Male,Financial Issues,Fees installment allow nahi ki ja rahi hai university policy ke wajah se,Office se discuss karein aur special request submit karein
1838,Mixed,Neutral,Administrative Issues,"Lab aur lecture same time hai, attend nahi kar pa raha. Is liye semester freeze request kar raha/rahi hoon",Semester freeze consider karein jab tak schedule fix na ho. Advisor ne recommend kiya hai semester freeze lene ke liye
1839,English,Female,Personal/Family Issues,Mother bohat sick hain aur unka khayal rakhna hai,Semester freeze request karein taake aap family care kar sakein
1840,Mixed,Neutral,Local/Other Issues,Lab resource unavailable hai is liye semester freeze request kar raha/rahi hoon. Is liye semester freeze request kar raha/rahi hoon,Semester pause consider karein jab tak resources available na ho. Advisor ne recommend kiya hai semester freeze lene ke liye
1841,English,Female,Academic Issues,"CGPA below average hai, degree complete ho payegi ya nahi samajh nahi aa raha",Semester freeze ke dauran CGPA improve karne ka plan banayein
1842,English,Male,Mental Health,Stress ki wajah se exams par focus nahi ho raha,Semester freeze allow hoti hai stress aur burnout ke cases me
1843,Mixed,Neutral,Academic Issues,Basics weak hain is liye advanced courses tough lag rahe hain. Is liye semester freeze request kar raha/rahi hoon,Foundation courses complete karne ke baad advance courses enroll karein. Advisor ne recommend kiya hai semester freeze lene ke liye
1844,RomanUrdu,Male,Administrative Issues,Semester freeze policy properly samajh nahi aa rahi,Office se clarify karein aur request submit karein
1845,Mixed,Neutral,Administrative Issues,Semester freeze policy properly samajh nahi aa rahi. Is liye semester freeze request kar raha/rahi hoon,Office se clarify karein aur request submit karein. Advisor ne recommend kiya hai semester freeze lene ke liye
1846,English,Male,Financial Issues,Late fee fine lag gaya hai aur arrange nahi ho raha,Late fine waiver ya installment ke liye office se contact karein
1847,RomanUrdu,Male,Medical Issues,Chronic pain ki wajah se classes attend nahi ho rahi,Medical certificate submit karein aur semester freeze request karein
1848,Mixed,Male,Medical Issues,Medical condition ki wajah se campus ana possible nahi. Is liye semester freeze request kar raha/rahi hoon,Semester freeze submit karen taake aap recovery pe focus karein. Advisor ne recommend kiya hai semester freeze lene ke liye
1849,English,Female,Local/Other Issues,Transport strike ke wajah se classes attend nahi ho rahi,Semester freeze request karein jab tak transport restore na ho
1850,RomanUrdu,Female,Medical Issues,Major illness ke wajah se semester continue nahi kar sakta,Semester freeze allow ki ja sakti hai illness ke liye
1851,Mixed,Neutral,Local/Other Issues,Protests aur political unrest ki wajah se campus nahi ja sakta. Is liye semester freeze request kar raha/rahi hoon,Temporary semester freeze consider karein. Advisor ne recommend kiya hai semester freeze lene ke liye
1852,Mixed,Female,Gender/Role Specific,Family business sambhalna par raha hai temporarily. Is liye semester freeze request kar raha/rahi hoon,Semester freeze le kar aap responsibilities manage kar sakte hain. Advisor ne recommend kiya hai semester freeze lene ke liye
1853,Mixed,Male,Local/Other Issues,Transport strike ke wajah se classes attend nahi ho rahi. Is liye semester freeze request kar raha/rahi hoon,Semester freeze request karein jab tak transport restore na ho. Advisor ne recommend kiya hai semester freeze lene ke liye
1854,Mixed,Neutral,Medical Issues,Major illness ke wajah se semester continue nahi kar sakta. Is liye semester freeze request kar raha/rahi hoon,Semester freeze allow ki ja sakti hai illness ke liye. Advisor ne recommend kiya hai semester freeze lene ke liye
1855,RomanUrdu,Neutral,Administrative Issues,"Lab aur lecture same time hai, attend nahi kar pa raha",Semester freeze consider karein jab tak schedule fix na ho
1856,English,Male,Personal/Family Issues,Family migration ki wajah se semester pause karna hai,Semester freeze allow hoti hai relocation ya migration case me
1857,English,Female,Financial Issues,Main temporary full time job kar raha hoon to support family,Semester freeze le kar aap work aur studies dono manage kar sakte hain
1858,Mixed,Female,Mental Health,Mentally drained hoon aur semester manage nahi kar pa raha. Is liye semester freeze request kar raha/rahi hoon,Semester freeze ke dauran rest aur recovery pe focus karein. Advisor ne recommend kiya hai semester freeze lene ke liye
1859,RomanUrdu,Neutral,Gender/Role Specific,Male breadwinner responsibility hai is liye break chahiye,Semester freeze le kar aap family support kar sakte hain
1860,RomanUrdu,Neutral,Administrative Issues,Teacher change request process clear nahi hai,Advisor se guide lein aur semester pause consider karein
1861,Mixed,Male,Administrative Issues,Teacher change request process clear nahi hai. Is liye semester freeze request kar raha/rahi hoon,Advisor se guide lein aur semester pause consider karein. Advisor ne recommend kiya hai semester freeze lene ke liye
1862,English,Neutral,Gender/Role Specific,Pregnancy ki wajah se semester continue nahi kar sakti,Semester freeze allow hoti hai maternity reasons me
1863,RomanUrdu,Neutral,Gender/Role Specific,Safety issues ki wajah se campus travel possible nahi,Temporary semester freeze request karein safety ke liye
1864,English,Neutral,Academic Issues,I dropped many courses and now I am confused what to enroll next,Academic advisor se consult karein aur proper enrollment plan banayein
1865,Mixed,Neutral,Academic Issues,DSA is too hard for me and I need a break to improve basics. Is liye semester freeze request kar raha/rahi hoon,Semester freeze recommend kiya jata hai taake aap basics strong kar sakein. Advisor ne recommend kiya hai semester freeze lene ke liye
1866,Mixed,Male,Gender/Role Specific,Father hospital mein hain aur mujhe ghar sambhalna hai. Is liye semester freeze request kar raha/rahi hoon,Semester pause allow hoti hai family care ke liye. Advisor ne recommend kiya hai semester freeze lene ke liye
1867,English,Female,Academic Issues,DSA is too hard for me and I need a break to improve basics,Semester freeze recommend kiya jata hai taake aap basics strong kar sakein
1868,Mixed,Female,Academic Issues,Basics weak hain is liye advanced courses tough lag rahe hain. Is liye semester freeze request kar raha/rahi hoon,Foundation courses complete karne ke baad advance courses enroll karein. Advisor ne recommend kiya hai semester freeze lene ke liye
1869,Mixed,Male,Mental Health,Mentally drained hoon aur semester manage nahi kar pa raha. Is liye semester freeze request kar raha/rahi hoon,Semester freeze ke dauran rest aur recovery pe focus karein. Advisor ne recommend kiya hai semester freeze lene ke liye
1870,Mixed,Female,Gender/Role Specific,Safety issues ki wajah se campus travel possible nahi. Is liye semester freeze request kar raha/rahi hoon,Temporary semester freeze request karein safety ke liye. Advisor ne recommend kiya hai semester freeze lene ke liye
1871,RomanUrdu,Female,Administrative Issues,Mujhe 4pm ke baad class attend karna possible nahi,Semester freeze allow ki ja sakti hai timing issues me
1872,Mixed,Male,Personal/Family Issues,Family pressure hai ke main degree chor doon. Is liye semester freeze request kar raha/rahi hoon,Advisor se discuss karein aur semester freeze consider karein. Advisor ne recommend kiya hai semester freeze lene ke liye
1873,Mixed,Male,Local/Other Issues,Transport strike ke wajah se classes attend nahi ho rahi. Is liye semester freeze request kar raha/rahi hoon,Semester freeze request karein jab tak transport restore na ho. Advisor ne recommend kiya hai semester freeze lene ke liye
1874,RomanUrdu,Female,Academic Issues,I failed PF and OOP both and I need time to prepare again,Aap semester freeze le sakte hain aur next semester me core subjects dobara enroll karein
1875,English,Neutral,Financial Issues,Late fee fine lag gaya hai aur arrange nahi ho raha,Late fine waiver ya installment ke liye office se contact karein
1876,RomanUrdu,Male,Academic Issues,I dropped many courses and now I am confused what to enroll next,Academic advisor se consult karein aur proper enrollment plan banayein
1877,RomanUrdu,Female,Medical Issues,Major illness ke wajah se semester continue nahi kar sakta,Semester freeze allow ki ja sakti hai illness ke liye
1878,English,Male,Local/Other Issues,Competitive coaching ke liye semester pause karna zaroori hai,Semester freeze allow hoti hai professional training ke liye
1879,RomanUrdu,Male,Academic Issues,I failed PF and OOP both and I need time to prepare again,Aap semester freeze le sakte hain aur next semester me core subjects dobara enroll karein
1880,RomanUrdu,Female,Local/Other Issues,Competitive coaching ke liye semester pause karna zaroori hai,Semester freeze allow hoti hai professional training ke liye
1881,English,Female,Personal/Family Issues,Hostel band ho gaya aur transport ka issue hai,Semester pause kar sakte hain jab tak facility arrange na ho
1882,Mixed,Neutral,Mental Health,Anxiety attacks ki wajah se studies disturb ho rahi hain. Is liye semester freeze request kar raha/rahi hoon,Semester freeze le kar mental health improve karein. Advisor ne recommend kiya hai semester freeze lene ke liye
1883,RomanUrdu,Female,Local/Other Issues,Competitive coaching ke liye semester pause karna zaroori hai,Semester freeze allow hoti hai professional training ke liye
1884,Mixed,Neutral,Personal/Family Issues,Family migration ki wajah se semester pause karna hai. Is liye semester freeze request kar raha/rahi hoon,Semester freeze allow hoti hai relocation ya migration case me. Advisor ne recommend kiya hai semester freeze lene ke liye
1885,RomanUrdu,Female,Personal/Family Issues,Family migration ki wajah se semester pause karna hai,Semester freeze allow hoti hai relocation ya migration case me
1886,English,Neutral,Personal/Family Issues,Ghar walay business sambhalne ko keh rahe hain,Temporary semester freeze le kar responsibilities manage karein
1887,Mixed,Male,Academic Issues,I failed PF and OOP both and I need time to prepare again. Is liye semester freeze request kar raha/rahi hoon,Aap semester freeze le sakte hain aur next semester me core subjects dobara enroll karein. Advisor ne recommend kiya hai semester freeze lene ke liye
1888,Mixed,Neutral,Personal/Family Issues,Ghar walay business sambhalne ko keh rahe hain. Is liye semester freeze request kar raha/rahi hoon,Temporary semester freeze le kar responsibilities manage karein. Advisor ne recommend kiya hai semester freeze lene ke liye
1889,Mixed,Male,Personal/Family Issues,Family pressure hai ke main degree chor doon. Is liye semester freeze request kar raha/rahi hoon,Advisor se discuss karein aur semester freeze consider karein. Advisor ne recommend kiya hai semester freeze lene ke liye
1890,Mixed,Female,Medical Issues,Major illness ke wajah se semester continue nahi kar sakta. Is liye semester freeze request kar raha/rahi hoon,Semester freeze allow ki ja sakti hai illness ke liye. Advisor ne recommend kiya hai semester freeze lene ke liye
1891,RomanUrdu,Neutral,Financial Issues,Abbu ki job chali gayi hai is liye semester freeze chahiye,Temporary semester freeze allow ki ja sakti hai financial crisis ke liye
1892,English,Male,Mental Health,Depression ki wajah se classes miss ho rahi hain,Advisor ke saath discuss karein aur semester freeze lein
1893,Mixed,Female,Gender/Role Specific,Pregnancy ki wajah se semester continue nahi kar sakti. Is liye semester freeze request kar raha/rahi hoon,Semester freeze allow hoti hai maternity reasons me. Advisor ne recommend kiya hai semester freeze lene ke liye
1894,English,Neutral,Mental Health,Mentally bohat exhausted feel kar raha hoon,Mental health ke liye temporary semester freeze consider karein
1895,RomanUrdu,Female,Financial Issues,Late fee fine lag gaya hai aur arrange nahi ho raha,Late fine waiver ya installment ke liye office se contact karein
1896,English,Neutral,Local/Other Issues,Transport strike ke wajah se classes attend nahi ho rahi,Semester freeze request karein jab tak transport restore na ho
1897,English,Female,Academic Issues,Credit hours overload ho gaye hain aur handle nahi ho raha,Semester freeze le kar workload manage karein
1898,RomanUrdu,Female,Mental Health,Depression ki wajah se classes miss ho rahi hain,Advisor ke saath discuss karein aur semester freeze lein
1899,RomanUrdu,Neutral,Financial Issues,Abbu ki job chali gayi hai is liye semester freeze chahiye,Temporary semester freeze allow ki ja sakti hai financial crisis ke liye
1900,Mixed,Male,Academic Issues,Basics weak hain is liye advanced courses tough lag rahe hain. Is liye semester freeze request kar raha/rahi hoon,Foundation courses complete karne ke baad advance courses enroll karein. Advisor ne recommend kiya hai semester freeze lene ke liye
1901,Mixed,Female,Personal/Family Issues,Hostel band ho gaya aur transport ka issue hai. Is liye semester freeze request kar raha/rahi hoon,Semester pause kar sakte hain jab tak facility arrange na ho. Advisor ne recommend kiya hai semester freeze lene ke liye
1902,RomanUrdu,Neutral,Academic Issues,I dropped many courses and now I am confused what to enroll next,Academic advisor se consult karein aur proper enrollment plan banayein
1903,Mixed,Neutral,Personal/Family Issues,Mother bohat sick hain aur unka khayal rakhna hai. Is liye semester freeze request kar raha/rahi hoon,Semester freeze request karein taake aap family care kar sakein. Advisor ne recommend kiya hai semester freeze lene ke liye
1904,RomanUrdu,Neutral,Mental Health,Depression ki wajah se classes miss ho rahi hain,Advisor ke saath discuss karein aur semester freeze lein
1905,English,Male,Gender/Role Specific,Family business sambhalna par raha hai temporarily,Semester freeze le kar aap responsibilities manage kar sakte hain
1906,Mixed,Male,Mental Health,Mentally drained hoon aur semester manage nahi kar pa raha. Is liye semester freeze request kar raha/rahi hoon,Semester freeze ke dauran rest aur recovery pe focus karein. Advisor ne recommend kiya hai semester freeze lene ke liye
1907,English,Male,Financial Issues,Fees installment allow nahi ki ja rahi hai university policy ke wajah se,Office se discuss karein aur special request submit karein
1908,English,Female,Medical Issues,Recovery after COVID ki wajah se classes miss ho rahi hain,Semester freeze recommended hai taake aap fully recover kar sakein
1909,English,Male,Financial Issues,Abbu ki job chali gayi hai is liye semester freeze chahiye,Temporary semester freeze allow ki ja sakti hai financial crisis ke liye
1910,English,Neutral,Medical Issues,Chronic pain ki wajah se classes attend nahi ho rahi,Medical certificate submit karein aur semester freeze request karein
1911,RomanUrdu,Neutral,Gender/Role Specific,Pregnancy ki wajah se semester continue nahi kar sakti,Semester freeze allow hoti hai maternity reasons me
1912,RomanUrdu,Female,Financial Issues,Main temporary full time job kar raha hoon to support family,Semester freeze le kar aap work aur studies dono manage kar sakte hain
1913,English,Female,Local/Other Issues,Floods damaged roads and internet is not working,Semester freeze allow ki ja sakti hai disaster situations me
1914,RomanUrdu,Female,Administrative Issues,Semester freeze policy properly samajh nahi aa rahi,Office se clarify karein aur request submit karein
1915,Mixed,Male,Medical Issues,Chronic pain ki wajah se classes attend nahi ho rahi. Is liye semester freeze request kar raha/rahi hoon,Medical certificate submit karein aur semester freeze request karein. Advisor ne recommend kiya hai semester freeze lene ke liye
1916,English,Neutral,Local/Other Issues,Transport strike ke wajah se classes attend nahi ho rahi,Semester freeze request karein jab tak transport restore na ho
1917,English,Male,Medical Issues,Accident hua hai aur physiotherapy chal rahi hai,Recovery ke liye semester freeze recommended hai
1918,English,Neutral,Mental Health,Anxiety attacks ki wajah se studies disturb ho rahi hain,Semester freeze le kar mental health improve karein
1919,Mixed,Female,Administrative Issues,Teacher change request process clear nahi hai. Is liye semester freeze request kar raha/rahi hoon,Advisor se guide lein aur semester pause consider karein. Advisor ne recommend kiya hai semester freeze lene ke liye
1920,RomanUrdu,Female,Medical Issues,I had surgery and doctor ne complete rest kaha hai,Doctor certificate ke saath semester freeze le sakte hain
1921,RomanUrdu,Male,Mental Health,Mentally drained hoon aur semester manage nahi kar pa raha,Semester freeze ke dauran rest aur recovery pe focus karein
1922,RomanUrdu,Neutral,Personal/Family Issues,Hostel band ho gaya aur transport ka issue hai,Semester pause kar sakte hain jab tak facility arrange na ho
1923,English,Female,Academic Issues,I failed PF and OOP both and I need time to prepare again,Aap semester freeze le sakte hain aur next semester me core subjects dobara enroll karein
1924,English,Male,Local/Other Issues,Transport strike ke wajah se classes attend nahi ho rahi,Semester freeze request karein jab tak transport restore na ho
1925,Mixed,Female,Medical Issues,I had surgery and doctor ne complete rest kaha hai. Is liye semester freeze request kar raha/rahi hoon,Doctor certificate ke saath semester freeze le sakte hain. Advisor ne recommend kiya hai semester freeze lene ke liye
1926,English,Neutral,Medical Issues,Accident hua hai aur physiotherapy chal rahi hai,Recovery ke liye semester freeze recommended hai
1927,Mixed,Female,Medical Issues,Medical condition ki wajah se campus ana possible nahi. Is liye semester freeze request kar raha/rahi hoon,Semester freeze submit karen taake aap recovery pe focus karein. Advisor ne recommend kiya hai semester freeze lene ke liye
1928,RomanUrdu,Neutral,Financial Issues,Abbu ki job chali gayi hai is liye semester freeze chahiye,Temporary semester freeze allow ki ja sakti hai financial crisis ke liye
1929,English,Female,Academic Issues,DSA is too hard for me and I need a break to improve basics,Semester freeze recommend kiya jata hai taake aap basics strong kar sakein
1930,Mixed,Neutral,Local/Other Issues,Power outages aur internet disruption ke wajah se classes miss ho rahi hain. Is liye semester freeze request kar raha/rahi hoon,Semester pause request submit karein taake classes miss na ho. Advisor ne recommend kiya hai semester freeze lene ke liye
1931,English,Female,Local/Other Issues,Lab resource unavailable hai is liye semester freeze request kar raha/rahi hoon,Semester pause consider karein jab tak resources available na ho
1932,RomanUrdu,Male,Academic Issues,I failed PF and OOP both and I need time to prepare again,Aap semester freeze le sakte hain aur next semester me core subjects dobara enroll karein
1933,Mixed,Female,Local/Other Issues,Power outages aur internet disruption ke wajah se classes miss ho rahi hain. Is liye semester freeze request kar raha/rahi hoon,Semester pause request submit karein taake classes miss na ho. Advisor ne recommend kiya hai semester freeze lene ke liye
1934,Mixed,Male,Gender/Role Specific,Childcare ki wajah se classes attend nahi ho pa rahi. Is liye semester freeze request kar raha/rahi hoon,Semester freeze request karein childcare ke liye. Advisor ne recommend kiya hai semester freeze lene ke liye
1935,Mixed,Neutral,Personal/Family Issues,Mother bohat sick hain aur unka khayal rakhna hai. Is liye semester freeze request kar raha/rahi hoon,Semester freeze request karein taake aap family care kar sakein. Advisor ne recommend kiya hai semester freeze lene ke liye
1936,English,Female,Medical Issues,Accident hua hai aur physiotherapy chal rahi hai,Recovery ke liye semester freeze recommended hai
1937,Mixed,Neutral,Academic Issues,Credit hours overload ho gaye hain aur handle nahi ho raha. Is liye semester freeze request kar raha/rahi hoon,Semester freeze le kar workload manage karein. Advisor ne recommend kiya hai semester freeze lene ke liye
1938,English,Male,Administrative Issues,"Lab aur lecture same time hai, attend nahi kar pa raha",Semester freeze consider karein jab tak schedule fix na ho
1939,RomanUrdu,Neutral,Gender/Role Specific,Safety issues ki wajah se campus travel possible nahi,Temporary semester freeze request karein safety ke liye
1940,Mixed,Neutral,Academic Issues,I failed PF and OOP both and I need time to prepare again. Is liye semester freeze request kar raha/rahi hoon,Aap semester freeze le sakte hain aur next semester me core subjects dobara enroll karein. Advisor ne recommend kiya hai semester freeze lene ke liye
1941,Mixed,Male,Administrative Issues,Teacher change request process clear nahi hai. Is liye semester freeze request kar raha/rahi hoon,Advisor se guide lein aur semester pause consider karein. Advisor ne recommend kiya hai semester freeze lene ke liye
1942,RomanUrdu,Female,Financial Issues,Late fee fine lag gaya hai aur arrange nahi ho raha,Late fine waiver ya installment ke liye office se contact karein
1943,RomanUrdu,Female,Academic Issues,Credit hours overload ho gaye hain aur handle nahi ho raha,Semester freeze le kar workload manage karein
1944,RomanUrdu,Male,Administrative Issues,Mujhe 4pm ke baad class attend karna possible nahi,Semester freeze allow ki ja sakti hai timing issues me
1945,Mixed,Female,Gender/Role Specific,Family business sambhalna par raha hai temporarily. Is liye semester freeze request kar raha/rahi hoon,Semester freeze le kar aap responsibilities manage kar sakte hain. Advisor ne recommend kiya hai semester freeze lene ke liye
1946,English,Neutral,Gender/Role Specific,Father hospital mein hain aur mujhe ghar sambhalna hai,Semester pause allow hoti hai family care ke liye
1947,English,Female,Administrative Issues,Timetable clash hai aur meri classes manage nahi ho rahi,Semester freeze request kar sakte hain jab timetable adjust ho
1948,Mixed,Female,Local/Other Issues,Transport strike ke wajah se classes attend nahi ho rahi. Is liye semester freeze request kar raha/rahi hoon,Semester freeze request karein jab tak transport restore na ho. Advisor ne recommend kiya hai semester freeze lene ke liye
1949,RomanUrdu,Female,Gender/Role Specific,Father hospital mein hain aur mujhe ghar sambhalna hai,Semester pause allow hoti hai family care ke liye
1950,Mixed,Neutral,Financial Issues,Fees installment allow nahi ki ja rahi hai university policy ke wajah se. Is liye semester freeze request kar raha/rahi hoon,Office se discuss karein aur special request submit karein. Advisor ne recommend kiya hai semester freeze lene ke liye
1951,Mixed,Female,Mental Health,Mentally drained hoon aur semester manage nahi kar pa raha. Is liye semester freeze request kar raha/rahi hoon,Semester freeze ke dauran rest aur recovery pe focus karein. Advisor ne recommend kiya hai semester freeze lene ke liye
1952,Mixed,Female,Financial Issues,I lost my scholarship and cannot afford this semester. Is liye semester freeze request kar raha/rahi hoon,Financial support ke liye advisor ya office se discuss karein. Advisor ne recommend kiya hai semester freeze lene ke liye
1953,RomanUrdu,Neutral,Mental Health,Mentally bohat exhausted feel kar raha hoon,Mental health ke liye temporary semester freeze consider karein
1954,English,Neutral,Mental Health,Severe burnout ho gaya hai aur focus nahi ban raha,Semester pause karna aapke liye beneficial hoga
1955,English,Male,Academic Issues,Credit hours overload ho gaye hain aur handle nahi ho raha,Semester freeze le kar workload manage karein
1956,RomanUrdu,Neutral,Gender/Role Specific,Male breadwinner responsibility hai is liye break chahiye,Semester freeze le kar aap family support kar sakte hain
1957,Mixed,Male,Financial Issues,Fees installment allow nahi ki ja rahi hai university policy ke wajah se. Is liye semester freeze request kar raha/rahi hoon,Office se discuss karein aur special request submit karein. Advisor ne recommend kiya hai semester freeze lene ke liye
1958,English,Female,Medical Issues,Accident hua hai aur physiotherapy chal rahi hai,Recovery ke liye semester freeze recommended hai
1959,English,Neutral,Administrative Issues,Degree extension ka issue hai aur guidance chahiye,Semester freeze ke sath degree extension process initiate karein
1960,Mixed,Female,Mental Health,Mentally drained hoon aur semester manage nahi kar pa raha. Is liye semester freeze request kar raha/rahi hoon,Semester freeze ke dauran rest aur recovery pe focus karein. Advisor ne recommend kiya hai semester freeze lene ke liye
1961,Mixed,Neutral,Administrative Issues,Degree extension ka issue hai aur guidance chahiye. Is liye semester freeze request kar raha/rahi hoon,Semester freeze ke sath degree extension process initiate karein. Advisor ne recommend kiya hai semester freeze lene ke liye
1962,English,Male,Financial Issues,Late fee fine lag gaya hai aur arrange nahi ho raha,Late fine waiver ya installment ke liye office se contact karein
1963,RomanUrdu,Neutral,Personal/Family Issues,Family pressure hai ke main degree chor doon,Advisor se discuss karein aur semester freeze consider karein
1964,RomanUrdu,Male,Mental Health,Mentally drained hoon aur semester manage nahi kar pa raha,Semester freeze ke dauran rest aur recovery pe focus karein
1965,English,Neutral,Gender/Role Specific,Father hospital mein hain aur mujhe ghar sambhalna hai,Semester pause allow hoti hai family care ke liye
1966,English,Neutral,Gender/Role Specific,Pregnancy ki wajah se semester continue nahi kar sakti,Semester freeze allow hoti hai maternity reasons me
1967,Mixed,Male,Administrative Issues,"Lab aur lecture same time hai, attend nahi kar pa raha. Is liye semester freeze request kar raha/rahi hoon",Semester freeze consider karein jab tak schedule fix na ho. Advisor ne recommend kiya hai semester freeze lene ke liye
1968,RomanUrdu,Female,Medical Issues,Recovery after COVID ki wajah se classes miss ho rahi hain,Semester freeze recommended hai taake aap fully recover kar sakein
1969,English,Male,Academic Issues,Basics weak hain is liye advanced courses tough lag rahe hain,Foundation courses complete karne ke baad advance courses enroll karein
1970,RomanUrdu,Neutral,Gender/Role Specific,Male breadwinner responsibility hai is liye break chahiye,Semester freeze le kar aap family support kar sakte hain
1971,English,Female,Administrative Issues,Degree extension ka issue hai aur guidance chahiye,Semester freeze ke sath degree extension process initiate karein
1972,English,Neutral,Gender/Role Specific,Male breadwinner responsibility hai is liye break chahiye,Semester freeze le kar aap family support kar sakte hain
1973,RomanUrdu,Neutral,Gender/Role Specific,Pregnancy ki wajah se semester continue nahi kar sakti,Semester freeze allow hoti hai maternity reasons me
1974,Mixed,Male,Gender/Role Specific,Family business sambhalna par raha hai temporarily. Is liye semester freeze request kar raha/rahi hoon,Semester freeze le kar aap responsibilities manage kar sakte hain. Advisor ne recommend kiya hai semester freeze lene ke liye
1975,RomanUrdu,Female,Administrative Issues,Timetable clash hai aur meri classes manage nahi ho rahi,Semester freeze request kar sakte hain jab timetable adjust ho
1976,Mixed,Female,Administrative Issues,Timetable clash hai aur meri classes manage nahi ho rahi. Is liye semester freeze request kar raha/rahi hoon,Semester freeze request kar sakte hain jab timetable adjust ho. Advisor ne recommend kiya hai semester freeze lene ke liye
1977,Mixed,Female,Financial Issues,My fee is unpaid and family income suddenly stopped. Is liye semester freeze request kar raha/rahi hoon,Aapko fee installment request submit karni chahiye ya temporary semester freeze le sakte hain. Advisor ne recommend kiya hai semester freeze lene ke liye
1978,RomanUrdu,Male,Academic Issues,"CGPA below average hai, degree complete ho payegi ya nahi samajh nahi aa raha",Semester freeze ke dauran CGPA improve karne ka plan banayein
1979,Mixed,Neutral,Gender/Role Specific,Pregnancy ki wajah se semester continue nahi kar sakti. Is liye semester freeze request kar raha/rahi hoon,Semester freeze allow hoti hai maternity reasons me. Advisor ne recommend kiya hai semester freeze lene ke liye
1980,English,Female,Local/Other Issues,Lab resource unavailable hai is liye semester freeze request kar raha/rahi hoon,Semester pause consider karein jab tak resources available na ho
1981,RomanUrdu,Neutral,Academic Issues,Basics weak hain is liye advanced courses tough lag rahe hain,Foundation courses complete karne ke baad advance courses enroll karein
1982,Mixed,Female,Academic Issues,I failed PF and OOP both and I need time to prepare again. Is liye semester freeze request kar raha/rahi hoon,Aap semester freeze le sakte hain aur next semester me core subjects dobara enroll karein. Advisor ne recommend kiya hai semester freeze lene ke liye
1983,RomanUrdu,Male,Medical Issues,Medical condition ki wajah se campus ana possible nahi,Semester freeze submit karen taake aap recovery pe focus karein
1984,Mixed,Female,Gender/Role Specific,Male breadwinner responsibility hai is liye break chahiye. Is liye semester freeze request kar raha/rahi hoon,Semester freeze le kar aap family support kar sakte hain. Advisor ne recommend kiya hai semester freeze lene ke liye
1985,English,Female,Academic Issues,I dropped many courses and now I am confused what to enroll next,Academic advisor se consult karein aur proper enrollment plan banayein
1986,English,Female,Financial Issues,Abbu ki job chali gayi hai is liye semester freeze chahiye,Temporary semester freeze allow ki ja sakti hai financial crisis ke liye
1987,RomanUrdu,Male,Administrative Issues,Degree extension ka issue hai aur guidance chahiye,Semester freeze ke sath degree extension process initiate karein
1988,RomanUrdu,Male,Mental Health,Mentally drained hoon aur semester manage nahi kar pa raha,Semester freeze ke dauran rest aur recovery pe focus karein
1989,Mixed,Neutral,Medical Issues,Accident hua hai aur physiotherapy chal rahi hai. Is liye semester freeze request kar raha/rahi hoon,Recovery ke liye semester freeze recommended hai. Advisor ne recommend kiya hai semester freeze lene ke liye
1990,English,Neutral,Financial Issues,Main temporary full time job kar raha hoon to support family,Semester freeze le kar aap work aur studies dono manage kar sakte hain
1991,English,Neutral,Medical Issues,Recovery after COVID ki wajah se classes miss ho rahi hain,Semester freeze recommended hai taake aap fully recover kar sakein
1992,Mixed,Male,Gender/Role Specific,Pregnancy ki wajah se semester continue nahi kar sakti. Is liye semester freeze request kar raha/rahi hoon,Semester freeze allow hoti hai maternity reasons me. Advisor ne recommend kiya hai semester freeze lene ke liye
1993,Mixed,Female,Medical Issues,Chronic pain ki wajah se classes attend nahi ho rahi. Is liye semester freeze request kar raha/rahi hoon,Medical certificate submit karein aur semester freeze request karein. Advisor ne recommend kiya hai semester freeze lene ke liye
1994,Mixed,Male,Medical Issues,Major illness ke wajah se semester continue nahi kar sakta. Is liye semester freeze request kar raha/rahi hoon,Semester freeze allow ki ja sakti hai illness ke liye. Advisor ne recommend kiya hai semester freeze lene ke liye
1995,English,Male,Administrative Issues,Semester freeze policy properly samajh nahi aa rahi,Office se clarify karein aur request submit karein
1996,Mixed,Male,Personal/Family Issues,Family migration ki wajah se semester pause karna hai. Is liye semester freeze request kar raha/rahi hoon,Semester freeze allow hoti hai relocation ya migration case me. Advisor ne recommend kiya hai semester freeze lene ke liye
1997,RomanUrdu,Male,Gender/Role Specific,Male breadwinner responsibility hai is liye break chahiye,Semester freeze le kar aap family support kar sakte hain
1998,English,Female,Administrative Issues,Timetable clash hai aur meri classes manage nahi ho rahi,Semester freeze request kar sakte hain jab timetable adjust ho
1999,English,Neutral,Mental Health,Severe burnout ho gaya hai aur focus nahi ban raha,Semester pause karna aapke liye beneficial hoga
2000,English,Male,Local/Other Issues,Power outages aur internet disruption ke wajah se classes miss ho rahi hain,Semester pause request submit karein taake classes miss na ho
